id,shares
0,2217.3
1,4417.3
2,3604.4
3,3209.5
4,3566.6
5,3200.3
6,2257.6
7,3091.9
8,2381.5
9,2160.3
10,4021.5
11,5692.0
12,6381.2
13,4203.4
14,1382.0
15,2958.1
16,3268.8
17,3353.8
18,3325.7
19,2415.0
20,2620.1
21,2302.6
22,2618.2
23,3008.1
24,2018.0
25,2160.4
26,5196.7
27,5089.7
28,3471.9
29,5201.5
30,3154.4
31,2071.6
32,6807.4
33,3147.8
34,2240.4
35,4020.4
36,2194.8
37,5522.8
38,6084.7
39,2337.8
40,2185.9
41,5110.8
42,4022.5
43,5604.6
44,7647.8
45,4906.4
46,3819.6
47,2076.0
48,2124.2
49,3365.9
50,1831.3
51,3579.5
52,2953.6
53,3039.5
54,2709.8
55,3758.1
56,2958.4
57,2320.0
58,1979.0
59,2865.6
60,3248.1
61,2886.6
62,1680.3
63,3888.6
64,3564.5
65,3462.3
66,3129.6
67,3327.3
68,6679.2
69,4520.4
70,2475.3
71,2892.4
72,3882.3
73,5774.8
74,8949.3
75,4106.3
76,2257.6
77,4938.7
78,2592.4
79,3313.3
80,2752.3
81,6246.4
82,4369.4
83,2689.7
84,3994.2
85,3966.2
86,2749.9
87,2922.8
88,4500.1
89,7007.8
90,7281.1
91,4541.6
92,3538.8
93,2059.1
94,4086.8
95,2732.3
96,7190.6
97,3164.9
98,5459.6
99,2487.5
100,2762.1
101,3985.3
102,3740.0
103,2720.2
104,3590.1
105,3147.8
106,1929.1
107,4054.1
108,1333.8
109,3669.8
110,2274.3
111,1275.9
112,4736.1
113,2403.6
114,3704.2
115,3110.6
116,2284.6
117,3449.2
118,2658.0
119,4439.3
120,8073.4
121,1715.8
122,4911.1
123,2882.9
124,5894.1
125,3206.5
126,4981.8
127,3170.7
128,4362.2
129,3066.4
130,3759.0
131,2438.8
132,2825.9
133,4932.4
134,2312.3
135,3414.5
136,4009.5
137,2670.1
138,2321.2
139,3531.9
140,4220.8
141,2455.2
142,4498.0
143,3561.4
144,2760.2
145,2721.7
146,3069.6
147,2435.6
148,5082.9
149,3209.7
150,4068.0
151,5583.0
152,2932.0
153,1916.0
154,2838.8
155,2172.9
156,3927.2
157,3709.8
158,2559.8
159,4350.2
160,4317.9
161,3851.5
162,3470.2
163,3156.9
164,1836.2
165,2616.3
166,1666.4
167,4885.9
168,2972.5
169,2739.9
170,3925.3
171,2358.6
172,1672.8
173,2305.3
174,3237.2
175,2670.7
176,3488.7
177,5193.7
178,1826.4
179,3148.0
180,4885.0
181,3991.9
182,3129.7
183,2887.9
184,2731.4
185,3712.1
186,4269.1
187,2948.1
188,4129.6
189,4891.4
190,2559.4
191,3525.8
192,5209.5
193,2963.7
194,4569.2
195,4001.4
196,3631.2
197,2523.1
198,1742.9
199,6184.5
200,2125.1
201,2884.9
202,1942.6
203,5841.5
204,2154.1
205,3136.8
206,2994.4
207,1603.6
208,2837.1
209,4971.5
210,3223.9
211,2105.9
212,4421.7
213,3647.3
214,4495.7
215,2710.9
216,3816.0
217,3466.5
218,2957.5
219,3531.7
220,2180.8
221,4752.8
222,3870.8
223,2582.7
224,2842.0
225,2697.8
226,1665.6
227,2039.0
228,3418.5
229,2781.9
230,8652.2
231,3930.0
232,3852.5
233,2337.1
234,2759.9
235,2479.8
236,3104.0
237,3104.6
238,2821.3
239,3215.7
240,1922.1
241,2387.5
242,2210.6
243,2306.4
244,2514.8
245,5800.0
246,9913.0
247,2824.0
248,4956.1
249,5849.8
250,4260.9
251,2413.8
252,5969.7
253,3962.8
254,2159.9
255,2618.6
256,2743.3
257,2281.9
258,3407.6
259,3497.4
260,3586.0
261,3132.8
262,1885.3
263,4061.0
264,3109.7
265,6123.4
266,3929.8
267,2969.2
268,5212.1
269,2536.5
270,2501.2
271,3495.5
272,3163.8
273,3070.2
274,3984.5
275,3189.6
276,2992.9
277,3899.1
278,2340.2
279,3060.2
280,3824.2
281,3013.2
282,3384.1
283,1777.6
284,3904.0
285,4606.4
286,2495.6
287,6282.0
288,5394.8
289,3680.1
290,2306.0
291,3014.8
292,3403.1
293,3414.8
294,5390.8
295,7237.4
296,4771.7
297,2651.9
298,2770.0
299,2502.0
300,2784.0
301,5559.2
302,6392.2
303,3536.4
304,3014.6
305,3591.3
306,4842.9
307,3324.5
308,4485.6
309,4405.5
310,2517.4
311,7024.3
312,3333.9
313,2188.6
314,5304.0
315,2257.7
316,4960.4
317,3108.7
318,3281.4
319,2077.5
320,7628.2
321,4075.3
322,4718.4
323,2742.0
324,4619.6
325,5143.5
326,4062.3
327,2376.3
328,3320.9
329,3865.2
330,4984.6
331,2623.0
332,5322.1
333,1955.5
334,1230.4
335,4405.4
336,2630.3
337,2750.5
338,3227.3
339,3454.6
340,5162.7
341,2717.8
342,2417.7
343,2975.8
344,2743.2
345,1806.5
346,2700.9
347,4505.0
348,6296.4
349,2570.6
350,3534.2
351,3698.9
352,5621.0
353,2744.0
354,2047.0
355,3924.9
356,2219.5
357,5580.2
358,2685.9
359,4286.2
360,2820.7
361,2846.2
362,2142.7
363,5500.2
364,2320.9
365,3198.9
366,2540.7
367,3052.7
368,2646.8
369,2371.6
370,2781.6
371,4575.4
372,2395.0
373,1506.8
374,3091.2
375,2827.6
376,2410.0
377,2671.7
378,1895.3
379,2890.6
380,3820.5
381,2997.7
382,3344.3
383,6273.7
384,2291.3
385,3095.4
386,4296.2
387,2011.4
388,6487.5
389,4230.1
390,2847.3
391,4240.5
392,3685.3
393,1950.9
394,3110.5
395,2992.2
396,2329.2
397,3693.6
398,3227.5
399,5691.5
400,7576.8
401,5208.3
402,2479.4
403,1696.2
404,2872.3
405,6244.9
406,3230.5
407,4079.8
408,4793.4
409,4327.1
410,4474.2
411,5160.2
412,2260.4
413,4269.9
414,6696.9
415,2602.5
416,3258.8
417,3459.4
418,1682.8
419,2096.3
420,4959.6
421,3483.5
422,2813.1
423,4297.8
424,4524.0
425,3515.1
426,2382.1
427,2610.2
428,3135.0
429,1926.7
430,4703.2
431,3990.2
432,1245.3
433,3875.0
434,2777.8
435,3511.4
436,2601.9
437,4497.3
438,6694.1
439,2176.8
440,3216.6
441,1871.1
442,4132.2
443,2788.5
444,2814.6
445,3711.0
446,2591.4
447,3351.0
448,4472.9
449,1772.3
450,3517.0
451,6147.5
452,2275.3
453,2907.5
454,3036.6
455,2498.1
456,5491.4
457,4006.5
458,3004.0
459,2538.8
460,6683.7
461,4430.0
462,2581.2
463,5813.2
464,2040.3
465,2874.4
466,2288.3
467,3303.0
468,3255.0
469,3044.3
470,2405.3
471,3712.1
472,3422.8
473,2918.6
474,2252.0
475,2249.3
476,4162.2
477,3190.5
478,2851.7
479,2999.2
480,2915.7
481,2109.1
482,4039.7
483,3937.2
484,3786.9
485,2328.5
486,3803.0
487,2618.5
488,4829.0
489,2005.6
490,4267.1
491,2937.8
492,4729.0
493,3137.4
494,1800.2
495,3635.5
496,2623.2
497,4536.8
498,6164.3
499,2425.9
500,3380.8
501,5123.1
502,3062.3
503,4176.5
504,4427.0
505,2896.1
506,2552.5
507,4155.2
508,2652.5
509,4478.0
510,3175.5
511,3624.8
512,3382.9
513,4401.4
514,3200.2
515,1973.2
516,4410.6
517,3861.4
518,4081.2
519,4507.0
520,3283.9
521,4408.2
522,5533.4
523,2315.9
524,3344.6
525,3940.4
526,2544.0
527,4622.6
528,2821.3
529,5861.4
530,2646.1
531,1879.3
532,4662.3
533,3128.9
534,3174.5
535,3284.0
536,2826.4
537,3249.7
538,4565.0
539,4268.3
540,3792.7
541,5114.9
542,3254.4
543,7428.3
544,3516.2
545,3120.3
546,3615.2
547,3916.1
548,4300.9
549,4433.4
550,4204.5
551,6117.5
552,3917.7
553,2403.2
554,5784.3
555,3788.8
556,4985.6
557,2988.9
558,2742.5
559,1582.8
560,4954.1
561,3457.2
562,2871.3
563,2743.2
564,4759.6
565,3560.1
566,2832.0
567,3560.3
568,4622.2
569,6775.0
570,2495.4
571,6584.0
572,5547.9
573,3764.2
574,2745.3
575,1606.7
576,2595.5
577,4297.3
578,2547.5
579,2355.4
580,2032.2
581,3028.4
582,5298.1
583,1973.4
584,2656.6
585,4072.8
586,2789.7
587,1190.2
588,2544.8
589,5041.4
590,3945.1
591,3644.1
592,3598.8
593,4312.3
594,2999.1
595,1621.5
596,2195.4
597,2976.5
598,5088.6
599,1769.9
600,5255.5
601,2905.5
602,2172.0
603,2297.8
604,3579.7
605,3892.2
606,1691.9
607,3169.9
608,2394.8
609,2824.5
610,4880.0
611,4166.3
612,3343.2
613,1872.8
614,3050.0
615,1711.3
616,2654.6
617,1913.3
618,2953.0
619,3201.3
620,3466.3
621,2598.8
622,4485.3
623,3985.1
624,2421.6
625,3209.8
626,4111.1
627,2889.3
628,6168.2
629,2943.2
630,3631.6
631,8019.8
632,1549.6
633,4399.1
634,4086.8
635,5037.3
636,5513.1
637,3084.1
638,5181.5
639,4157.6
640,6227.8
641,3929.9
642,3674.0
643,2153.3
644,3173.2
645,2898.7
646,2344.3
647,4886.9
648,3318.4
649,3126.4
650,1894.7
651,2399.2
652,2805.8
653,824.1
654,3046.4
655,4341.8
656,2560.0
657,1848.5
658,2448.0
659,7309.0
660,2497.7
661,4681.4
662,3618.1
663,4031.2
664,2820.8
665,4531.2
666,4325.1
667,3814.4
668,3937.2
669,3337.0
670,5254.1
671,2167.6
672,4804.3
673,1963.7
674,3014.6
675,3966.1
676,1625.5
677,2393.3
678,2293.5
679,4790.5
680,3953.0
681,2339.2
682,1952.8
683,5116.1
684,3552.3
685,2381.4
686,3465.0
687,2570.8
688,2618.3
689,3454.2
690,4429.8
691,5350.1
692,2078.2
693,2731.6
694,3484.6
695,1901.9
696,2336.1
697,3403.8
698,2527.3
699,2611.3
700,2076.0
701,4066.3
702,3111.7
703,2860.2
704,2777.7
705,2462.0
706,1712.4
707,3002.9
708,1823.6
709,3585.0
710,2220.0
711,4034.9
712,3136.5
713,3133.7
714,3437.9
715,2641.0
716,3151.7
717,1330.7
718,2130.6
719,5682.7
720,3594.5
721,3585.0
722,2178.0
723,2548.7
724,3045.7
725,4348.0
726,2164.5
727,5848.6
728,2360.1
729,2944.1
730,3353.9
731,2691.1
732,4624.9
733,3902.4
734,3794.0
735,3202.0
736,2995.6
737,2973.3
738,4432.5
739,3632.9
740,3771.1
741,3644.4
742,3176.8
743,4156.6
744,2727.2
745,2514.5
746,3382.6
747,1514.4
748,3982.5
749,2961.0
750,5779.6
751,4029.3
752,2654.7
753,3480.1
754,3346.9
755,3223.8
756,3550.6
757,3376.6
758,3325.9
759,1937.3
760,5252.6
761,4029.5
762,3915.7
763,3786.1
764,5302.0
765,2495.8
766,1850.3
767,2306.1
768,3045.6
769,3320.9
770,2531.6
771,3408.2
772,6933.3
773,6326.1
774,3152.6
775,1778.6
776,5081.3
777,2075.6
778,2591.4
779,2388.4
780,6414.1
781,1502.6
782,2350.8
783,3935.0
784,3379.3
785,3245.1
786,2596.7
787,4764.3
788,3468.7
789,3747.3
790,3493.2
791,3755.6
792,2968.0
793,6491.7
794,2731.5
795,2967.1
796,2274.7
797,2457.2
798,1543.9
799,5915.0
800,5210.0
801,2660.4
802,2119.2
803,4135.9
804,5926.7
805,1886.0
806,4321.4
807,7620.7
808,2926.6
809,2470.9
810,2841.0
811,4148.6
812,2202.4
813,3272.7
814,3380.4
815,2628.2
816,2781.6
817,4122.0
818,5520.6
819,4834.5
820,3997.3
821,1976.3
822,6342.9
823,1787.0
824,2863.3
825,3395.0
826,3844.4
827,4515.6
828,4423.8
829,2690.5
830,5980.9
831,4355.8
832,2303.3
833,3276.3
834,3215.9
835,4471.9
836,2602.3
837,2821.3
838,5052.6
839,2854.3
840,1941.2
841,2257.5
842,2495.4
843,2143.5
844,2076.7
845,5857.7
846,2414.2
847,2379.0
848,5267.8
849,4388.6
850,3387.6
851,3432.7
852,3043.2
853,17201.7
854,1597.1
855,3295.3
856,1799.9
857,1964.6
858,3298.6
859,3512.8
860,3103.5
861,5804.2
862,2273.6
863,2928.8
864,2306.5
865,4362.7
866,1799.0
867,5088.8
868,2158.3
869,2332.7
870,4351.9
871,3713.0
872,2981.7
873,5916.9
874,4211.9
875,1401.3
876,2353.2
877,4984.0
878,5011.6
879,2909.8
880,4312.4
881,2909.4
882,1714.6
883,2494.3
884,2643.6
885,4465.5
886,3322.6
887,3730.4
888,3217.3
889,1862.3
890,2260.2
891,1792.5
892,1747.2
893,4288.3
894,2715.3
895,3818.3
896,4993.8
897,3560.8
898,2419.1
899,5150.6
900,3454.7
901,3344.9
902,2812.3
903,1754.0
904,3138.7
905,5436.3
906,8581.6
907,1952.2
908,5123.0
909,3019.0
910,3258.2
911,3123.7
912,4277.7
913,2900.7
914,4402.7
915,2917.8
916,6125.1
917,3864.2
918,2887.7
919,2835.5
920,1874.2
921,2518.0
922,5980.7
923,3381.6
924,3517.1
925,3268.6
926,2405.1
927,2954.2
928,2336.3
929,2941.0
930,2822.7
931,2397.8
932,4311.5
933,2814.0
934,4575.4
935,4949.1
936,2806.8
937,6137.4
938,3053.0
939,4502.4
940,3836.2
941,4195.3
942,2817.4
943,4743.4
944,3763.8
945,2821.4
946,2929.5
947,3007.0
948,4246.7
949,2980.1
950,2685.3
951,2573.5
952,3659.7
953,5953.1
954,5290.7
955,5043.5
956,5567.4
957,4919.4
958,5589.7
959,3235.5
960,3978.3
961,3285.4
962,5212.0
963,4564.4
964,1537.8
965,2933.0
966,4240.6
967,2894.7
968,5461.7
969,6033.9
970,4986.8
971,4630.1
972,4579.3
973,2755.8
974,3595.5
975,3206.1
976,1793.0
977,3115.2
978,4612.9
979,6573.0
980,2587.7
981,3435.0
982,3613.4
983,2775.0
984,1305.7
985,5480.8
986,2306.6
987,2215.8
988,4638.8
989,2477.5
990,5237.4
991,5791.1
992,7194.1
993,4404.8
994,2497.1
995,3302.8
996,2889.1
997,1983.0
998,2807.9
999,2706.3
1000,4450.2
1001,5719.6
1002,4086.2
1003,2636.2
1004,4368.7
1005,3120.6
1006,2247.4
1007,3349.3
1008,3002.6
1009,2779.3
1010,3862.2
1011,4772.4
1012,2229.9
1013,2929.6
1014,4248.9
1015,2132.0
1016,3377.9
1017,2714.8
1018,3638.4
1019,2683.8
1020,1534.3
1021,3287.2
1022,1685.8
1023,3659.1
1024,3662.9
1025,4359.6
1026,2918.4
1027,3844.6
1028,3911.9
1029,2502.5
1030,3186.9
1031,2381.5
1032,3082.6
1033,2489.9
1034,2960.9
1035,4512.4
1036,4002.8
1037,2096.0
1038,2777.0
1039,2706.4
1040,3258.3
1041,2964.8
1042,3307.0
1043,3136.6
1044,2435.1
1045,2461.0
1046,2873.3
1047,5726.8
1048,5728.0
1049,2724.3
1050,1914.2
1051,1970.8
1052,3158.8
1053,2001.2
1054,3667.7
1055,3813.3
1056,2956.6
1057,5611.8
1058,1985.5
1059,3307.4
1060,2631.3
1061,3579.5
1062,3779.3
1063,2139.2
1064,3488.0
1065,2474.9
1066,4644.4
1067,2214.1
1068,4876.2
1069,5846.0
1070,3100.0
1071,2875.8
1072,2951.2
1073,4030.2
1074,3674.0
1075,2495.0
1076,4180.6
1077,2475.4
1078,2175.0
1079,2251.4
1080,3097.3
1081,2329.0
1082,2933.7
1083,3428.4
1084,2462.2
1085,2804.5
1086,2280.2
1087,3236.4
1088,4635.2
1089,3372.1
1090,3213.3
1091,9610.1
1092,2240.4
1093,1910.3
1094,4813.2
1095,3529.6
1096,4854.4
1097,6749.2
1098,2112.1
1099,2514.4
1100,4173.7
1101,5070.2
1102,3696.9
1103,5778.4
1104,3135.3
1105,2337.5
1106,2501.4
1107,2258.6
1108,3068.0
1109,6358.3
1110,2273.4
1111,4449.9
1112,1849.7
1113,2014.5
1114,4238.4
1115,2035.3
1116,4009.8
1117,3377.8
1118,3277.7
1119,2499.5
1120,3277.8
1121,3653.4
1122,2364.9
1123,3497.1
1124,4665.3
1125,2448.5
1126,1844.4
1127,2950.1
1128,2175.3
1129,6341.4
1130,3145.8
1131,2089.6
1132,2308.3
1133,2589.6
1134,2633.7
1135,2388.3
1136,2711.2
1137,2236.4
1138,3217.9
1139,1972.0
1140,3852.5
1141,2023.1
1142,2787.9
1143,2884.6
1144,4389.0
1145,2719.7
1146,2867.2
1147,2396.7
1148,3891.1
1149,2296.0
1150,3098.5
1151,3618.5
1152,5598.1
1153,3429.9
1154,4002.9
1155,3228.2
1156,3562.3
1157,3374.4
1158,3076.1
1159,3104.5
1160,2481.0
1161,4149.7
1162,1519.8
1163,4863.9
1164,4024.6
1165,4042.8
1166,6374.9
1167,2530.7
1168,5201.3
1169,3032.2
1170,4478.1
1171,3655.7
1172,2738.9
1173,2297.1
1174,2700.0
1175,2726.3
1176,4813.4
1177,2707.0
1178,5599.7
1179,2511.1
1180,1912.8
1181,2039.7
1182,6225.0
1183,4733.6
1184,2705.8
1185,3807.6
1186,2585.5
1187,3927.4
1188,2888.1
1189,3879.6
1190,1667.0
1191,2946.4
1192,2212.4
1193,4914.7
1194,4184.2
1195,4513.5
1196,3849.0
1197,1677.1
1198,2962.4
1199,4703.9
1200,3162.7
1201,2969.7
1202,5566.8
1203,3350.2
1204,2847.2
1205,1312.8
1206,2206.8
1207,2550.3
1208,2993.7
1209,1561.7
1210,3062.3
1211,6671.4
1212,3449.1
1213,2487.4
1214,3483.9
1215,2865.0
1216,3587.2
1217,4088.5
1218,2870.6
1219,2267.1
1220,2966.2
1221,1316.5
1222,1999.7
1223,5164.2
1224,1985.2
1225,4388.0
1226,5947.0
1227,1975.7
1228,2796.7
1229,3592.7
1230,2713.4
1231,3526.6
1232,2593.2
1233,2711.3
1234,3081.8
1235,5977.6
1236,3818.7
1237,6630.7
1238,2099.4
1239,5460.5
1240,2052.4
1241,5099.1
1242,2002.8
1243,3190.5
1244,2935.0
1245,5198.9
1246,1976.3
1247,4471.5
1248,5255.6
1249,3092.3
1250,4460.6
1251,4181.3
1252,4305.6
1253,3258.0
1254,3273.8
1255,2921.6
1256,2605.7
1257,4662.1
1258,3572.4
1259,2331.7
1260,3253.9
1261,2728.3
1262,3318.4
1263,2349.6
1264,2511.5
1265,2634.0
1266,5211.2
1267,2822.4
1268,2196.9
1269,3681.8
1270,4126.2
1271,4498.8
1272,6349.1
1273,2818.3
1274,1449.6
1275,2041.9
1276,2808.1
1277,3153.8
1278,8246.0
1279,3258.7
1280,3238.4
1281,3310.1
1282,1711.4
1283,5757.0
1284,3602.2
1285,2950.9
1286,5309.8
1287,3351.7
1288,2582.9
1289,2737.9
1290,4145.4
1291,2827.0
1292,3079.9
1293,2653.2
1294,3439.4
1295,2367.6
1296,3378.7
1297,1951.2
1298,2479.2
1299,2570.3
1300,5768.9
1301,5362.5
1302,3473.7
1303,4933.0
1304,7122.3
1305,3145.5
1306,5396.1
1307,5710.3
1308,2730.3
1309,5015.7
1310,2747.8
1311,3918.5
1312,2423.2
1313,2431.8
1314,1937.7
1315,2523.3
1316,3240.0
1317,2037.2
1318,5043.8
1319,2556.5
1320,3358.2
1321,3051.3
1322,2106.0
1323,2813.4
1324,2119.6
1325,2011.3
1326,3568.3
1327,2327.4
1328,6288.6
1329,3811.8
1330,2018.0
1331,5331.6
1332,3029.0
1333,2617.0
1334,2968.8
1335,2752.3
1336,2255.1
1337,2985.6
1338,3300.4
1339,2150.9
1340,2310.6
1341,3505.0
1342,5162.0
1343,2954.8
1344,6451.7
1345,4226.6
1346,4767.0
1347,4216.9
1348,3916.2
1349,5028.6
1350,2419.7
1351,2227.0
1352,3172.7
1353,3200.2
1354,2469.0
1355,3792.0
1356,3913.7
1357,2938.7
1358,2285.0
1359,2972.2
1360,3646.8
1361,2431.4
1362,4868.5
1363,2827.4
1364,2767.0
1365,5606.6
1366,2942.6
1367,2178.3
1368,3489.4
1369,5562.6
1370,3745.9
1371,5001.7
1372,4336.8
1373,2598.6
1374,3318.4
1375,3361.5
1376,2282.1
1377,4020.7
1378,3150.7
1379,5149.1
1380,3446.5
1381,6277.5
1382,4178.6
1383,3518.2
1384,1887.1
1385,1809.4
1386,2639.9
1387,3481.8
1388,5495.6
1389,2671.1
1390,5403.2
1391,2409.8
1392,2406.9
1393,2914.9
1394,2826.5
1395,3494.4
1396,3394.9
1397,1443.8
1398,1806.4
1399,3669.1
1400,2162.7
1401,2520.5
1402,5129.3
1403,3060.5
1404,2913.7
1405,2850.3
1406,4747.9
1407,3789.3
1408,2031.4
1409,3138.0
1410,3068.5
1411,4832.3
1412,2917.7
1413,3576.5
1414,2427.2
1415,3421.2
1416,2352.2
1417,4128.0
1418,3777.3
1419,3542.9
1420,3239.9
1421,2032.2
1422,2432.1
1423,2934.9
1424,3129.2
1425,3740.4
1426,2848.6
1427,4238.7
1428,1515.7
1429,4760.5
1430,4163.0
1431,2731.0
1432,2481.2
1433,2912.2
1434,2864.3
1435,1900.3
1436,2179.0
1437,8088.3
1438,3892.8
1439,4284.3
1440,2795.8
1441,2561.5
1442,2151.2
1443,2625.1
1444,1960.2
1445,2471.1
1446,3095.5
1447,2839.3
1448,6522.1
1449,2459.1
1450,2988.7
1451,6328.8
1452,2338.5
1453,4799.8
1454,3025.3
1455,2440.8
1456,5045.1
1457,2610.3
1458,2239.4
1459,2361.7
1460,2327.9
1461,2625.6
1462,3524.6
1463,3302.5
1464,2781.0
1465,2002.4
1466,4429.6
1467,3172.1
1468,2781.2
1469,1509.7
1470,3344.5
1471,1692.6
1472,3024.7
1473,3130.7
1474,2648.3
1475,3899.5
1476,7453.7
1477,5012.7
1478,6261.0
1479,2829.6
1480,3210.9
1481,2761.2
1482,3063.2
1483,3993.0
1484,6087.0
1485,4306.5
1486,3617.9
1487,4010.1
1488,4506.4
1489,2128.0
1490,3253.4
1491,1940.1
1492,5410.6
1493,3342.5
1494,2065.8
1495,2509.0
1496,5075.4
1497,5289.9
1498,2622.8
1499,4638.1
1500,2658.0
1501,2341.3
1502,5113.9
1503,3417.4
1504,3854.2
1505,3199.9
1506,2423.2
1507,2388.0
1508,2540.4
1509,2789.9
1510,2070.4
1511,3636.9
1512,3496.2
1513,3303.9
1514,1892.3
1515,2787.9
1516,1985.1
1517,3674.6
1518,2846.0
1519,3466.2
1520,3224.3
1521,2845.9
1522,4716.6
1523,2317.0
1524,1926.0
1525,2856.8
1526,3311.2
1527,2251.2
1528,2468.1
1529,2724.0
1530,3120.5
1531,7595.8
1532,2654.8
1533,2216.4
1534,1835.1
1535,2176.9
1536,1998.7
1537,4216.6
1538,5018.7
1539,5877.2
1540,1470.3
1541,3260.0
1542,1053.9
1543,2164.8
1544,2744.3
1545,2722.3
1546,2961.3
1547,2703.1
1548,2919.7
1549,2496.5
1550,2020.2
1551,3217.3
1552,2471.4
1553,2621.7
1554,3980.7
1555,2585.5
1556,3631.6
1557,1518.7
1558,2414.3
1559,4060.8
1560,3544.9
1561,2798.3
1562,2650.9
1563,4880.6
1564,1943.7
1565,1983.6
1566,4608.6
1567,4077.7
1568,4097.0
1569,6880.4
1570,3712.3
1571,2696.7
1572,3669.7
1573,5140.8
1574,4744.5
1575,3319.4
1576,2139.5
1577,6025.9
1578,2784.8
1579,3125.0
1580,1761.6
1581,2560.7
1582,2566.8
1583,3149.7
1584,3443.2
1585,4515.2
1586,2948.5
1587,4199.0
1588,2740.8
1589,2500.0
1590,2850.4
1591,3157.7
1592,4115.7
1593,3704.2
1594,3865.6
1595,2398.4
1596,20844.0
1597,3397.6
1598,2121.1
1599,3449.5
1600,2409.5
1601,4451.6
1602,1723.6
1603,6302.4
1604,4029.5
1605,3977.6
1606,3425.9
1607,2969.6
1608,3294.4
1609,1314.7
1610,3656.5
1611,3578.9
1612,3196.2
1613,3165.9
1614,2670.0
1615,4332.2
1616,2174.3
1617,1719.5
1618,5079.8
1619,2992.4
1620,2599.1
1621,5417.2
1622,7106.2
1623,2505.1
1624,3674.9
1625,3055.1
1626,3004.5
1627,4651.9
1628,6805.7
1629,5223.7
1630,2188.4
1631,3344.1
1632,3353.5
1633,1810.5
1634,2535.7
1635,3536.4
1636,2924.8
1637,3404.7
1638,3565.1
1639,1667.4
1640,2285.7
1641,2305.2
1642,5322.4
1643,4656.6
1644,3810.8
1645,4910.7
1646,3438.4
1647,3661.6
1648,3980.8
1649,3227.0
1650,2878.5
1651,3152.4
1652,3737.1
1653,2059.7
1654,4521.7
1655,2362.9
1656,3698.3
1657,2243.1
1658,4628.8
1659,5028.0
1660,2993.9
1661,3036.4
1662,2455.7
1663,5354.5
1664,2814.9
1665,2219.3
1666,3831.5
1667,3039.3
1668,4809.5
1669,2885.7
1670,2044.5
1671,3024.9
1672,3852.9
1673,2016.9
1674,2950.0
1675,2589.6
1676,4374.2
1677,3643.6
1678,2012.4
1679,6054.1
1680,1665.5
1681,2087.8
1682,3008.1
1683,2126.0
1684,4061.6
1685,3383.1
1686,2798.8
1687,2466.2
1688,2260.9
1689,2439.3
1690,3482.6
1691,2745.2
1692,3965.4
1693,3337.7
1694,2063.7
1695,3228.8
1696,1902.5
1697,1299.9
1698,2713.7
1699,2540.9
1700,2836.5
1701,2679.1
1702,3304.7
1703,2795.7
1704,1914.9
1705,3160.3
1706,2296.6
1707,2703.0
1708,5490.7
1709,2755.5
1710,2582.3
1711,4209.0
1712,2744.3
1713,3762.2
1714,2861.7
1715,3943.6
1716,5952.4
1717,3650.8
1718,3062.0
1719,5961.4
1720,1484.0
1721,2963.2
1722,4599.0
1723,3394.6
1724,3022.7
1725,6257.4
1726,2450.9
1727,3619.7
1728,5963.9
1729,2610.5
1730,3058.8
1731,2118.6
1732,2668.7
1733,3679.4
1734,3111.4
1735,5771.7
1736,3618.0
1737,3007.8
1738,5490.6
1739,1936.4
1740,2521.6
1741,6168.2
1742,3077.1
1743,6638.0
1744,3013.7
1745,4040.8
1746,2825.9
1747,2235.1
1748,3181.2
1749,3599.9
1750,2306.9
1751,3992.5
1752,5709.5
1753,3594.2
1754,4378.4
1755,3032.6
1756,5030.6
1757,2846.7
1758,5390.4
1759,3790.3
1760,3574.4
1761,6456.8
1762,2642.5
1763,1684.4
1764,3142.3
1765,4041.5
1766,2481.7
1767,3111.9
1768,3063.1
1769,1704.3
1770,5644.2
1771,2129.6
1772,4585.4
1773,4378.7
1774,3497.0
1775,2654.7
1776,1683.0
1777,2878.8
1778,5364.7
1779,2949.9
1780,2129.2
1781,2888.8
1782,4211.9
1783,3624.1
1784,4610.1
1785,3691.8
1786,3059.3
1787,3059.0
1788,2434.6
1789,2902.9
1790,2720.7
1791,3473.0
1792,3260.5
1793,4371.9
1794,3298.4
1795,3031.6
1796,5046.1
1797,3695.1
1798,5717.2
1799,2481.6
1800,4463.9
1801,4084.9
1802,3231.3
1803,2937.8
1804,2630.9
1805,3891.6
1806,2179.2
1807,2992.8
1808,5984.1
1809,2709.7
1810,4546.6
1811,2239.7
1812,2437.9
1813,4809.1
1814,6472.6
1815,2588.7
1816,3439.5
1817,3721.8
1818,4805.0
1819,2114.3
1820,3081.3
1821,3284.2
1822,3476.5
1823,2463.8
1824,3999.6
1825,2890.6
1826,3592.0
1827,5312.9
1828,3161.0
1829,2430.6
1830,2218.0
1831,3623.1
1832,4325.4
1833,3648.0
1834,4981.8
1835,3139.6
1836,2997.2
1837,1919.2
1838,4945.2
1839,2814.5
1840,5936.0
1841,3036.2
1842,5555.7
1843,3721.9
1844,3327.1
1845,2523.0
1846,5089.5
1847,3892.1
1848,2135.0
1849,3052.0
1850,3341.2
1851,2437.7
1852,5076.7
1853,2490.7
1854,3755.0
1855,3942.6
1856,5057.2
1857,13141.8
1858,6816.7
1859,5129.4
1860,3121.5
1861,3050.3
1862,2744.9
1863,5520.2
1864,6884.4
1865,3277.3
1866,1340.5
1867,4422.9
1868,3361.9
1869,3203.5
1870,5243.3
1871,2757.4
1872,2161.9
1873,2899.0
1874,3298.7
1875,3046.8
1876,3946.3
1877,2564.7
1878,2596.0
1879,4115.8
1880,3029.6
1881,1814.6
1882,1771.3
1883,5154.5
1884,5090.9
1885,3448.3
1886,3277.0
1887,2308.1
1888,3270.8
1889,2869.7
1890,3116.8
1891,3282.8
1892,3894.3
1893,2586.1
1894,3253.1
1895,3423.2
1896,4430.0
1897,3582.8
1898,3790.5
1899,5599.9
1900,3383.5
1901,3138.1
1902,2622.0
1903,1576.8
1904,2284.1
1905,3032.6
1906,4623.4
1907,2941.5
1908,2926.9
1909,3361.7
1910,3871.7
1911,5927.8
1912,2379.1
1913,7192.6
1914,3229.1
1915,3504.8
1916,2341.1
1917,3651.0
1918,2035.2
1919,3590.1
1920,3281.4
1921,1601.9
1922,2838.4
1923,2428.3
1924,5095.6
1925,1680.1
1926,2612.0
1927,5900.1
1928,1025.2
1929,4468.3
1930,2342.5
1931,2629.5
1932,4131.0
1933,2481.7
1934,1822.3
1935,2314.3
1936,1560.4
1937,2028.2
1938,3999.1
1939,2631.6
1940,2481.3
1941,1523.1
1942,3729.6
1943,2043.0
1944,2959.8
1945,2557.7
1946,2898.9
1947,1999.5
1948,2858.1
1949,4482.8
1950,2970.3
1951,1997.4
1952,6461.4
1953,4054.0
1954,2523.0
1955,3736.9
1956,1431.8
1957,3035.5
1958,2004.7
1959,3111.9
1960,3371.9
1961,2252.2
1962,2590.3
1963,3053.1
1964,4593.0
1965,3394.7
1966,3802.8
1967,4376.2
1968,2688.5
1969,2372.0
1970,1801.5
1971,2089.5
1972,3786.2
1973,3742.4
1974,2185.9
1975,2664.5
1976,5089.6
1977,3315.0
1978,3455.1
1979,2907.3
1980,3182.4
1981,3811.0
1982,4950.8
1983,1725.4
1984,4702.8
1985,2359.7
1986,3053.3
1987,6838.8
1988,2196.1
1989,2653.2
1990,3951.5
1991,2046.7
1992,1699.7
1993,2788.5
1994,5696.2
1995,2265.3
1996,3298.3
1997,3432.5
1998,2797.6
1999,2139.4
2000,2806.6
2001,4615.1
2002,5115.6
2003,1830.0
2004,2078.5
2005,2407.7
2006,4427.0
2007,2271.4
2008,2756.6
2009,2127.2
2010,2094.1
2011,3693.0
2012,3173.2
2013,2948.2
2014,5424.9
2015,4241.9
2016,6818.3
2017,5532.7
2018,5835.9
2019,3264.3
2020,1583.6
2021,3929.9
2022,2321.5
2023,2802.3
2024,2724.4
2025,5078.3
2026,3221.7
2027,1731.3
2028,2991.1
2029,2945.3
2030,3212.3
2031,2743.7
2032,2940.3
2033,3223.5
2034,3553.3
2035,3979.6
2036,2589.5
2037,4031.5
2038,1817.2
2039,4645.9
2040,3618.4
2041,2585.0
2042,3403.1
2043,5513.8
2044,4118.4
2045,3391.5
2046,3293.1
2047,5010.6
2048,3065.5
2049,6187.3
2050,3062.7
2051,3202.3
2052,1584.9
2053,1866.2
2054,4257.6
2055,5208.4
2056,1568.3
2057,2078.3
2058,2673.3
2059,3998.0
2060,2194.8
2061,3014.6
2062,2048.1
2063,2590.2
2064,2153.7
2065,4175.6
2066,3633.0
2067,3528.2
2068,2667.3
2069,6160.7
2070,3769.6
2071,2696.4
2072,4222.9
2073,3204.1
2074,3119.4
2075,1914.4
2076,3272.2
2077,2450.7
2078,3950.7
2079,2358.0
2080,2622.2
2081,2656.8
2082,2879.2
2083,4142.8
2084,2706.6
2085,3110.1
2086,2838.2
2087,3481.1
2088,2849.1
2089,2878.5
2090,1662.1
2091,3151.6
2092,4539.2
2093,5159.6
2094,2669.3
2095,1505.1
2096,2873.1
2097,2766.0
2098,5409.3
2099,2551.6
2100,3888.3
2101,3112.2
2102,2650.8
2103,4050.3
2104,3947.9
2105,2320.4
2106,4313.6
2107,2660.5
2108,2216.8
2109,2286.5
2110,2072.9
2111,2077.7
2112,2279.1
2113,6913.6
2114,3828.2
2115,3664.7
2116,3122.6
2117,1535.1
2118,3169.5
2119,3007.2
2120,3486.6
2121,2264.1
2122,4163.0
2123,3508.5
2124,3083.2
2125,2908.1
2126,5445.6
2127,2562.3
2128,6231.6
2129,6098.7
2130,2413.8
2131,5897.8
2132,3315.2
2133,1157.5
2134,3622.6
2135,2415.8
2136,2205.0
2137,1597.1
2138,1927.9
2139,4153.5
2140,8151.4
2141,3273.1
2142,3558.4
2143,2357.5
2144,6466.5
2145,4239.3
2146,4059.4
2147,15130.0
2148,3635.7
2149,3411.6
2150,2280.0
2151,3649.3
2152,1706.0
2153,2289.8
2154,2282.7
2155,2318.5
2156,5835.3
2157,1506.5
2158,4977.7
2159,3587.2
2160,5939.6
2161,2331.2
2162,4523.9
2163,3824.0
2164,2181.4
2165,6096.4
2166,3654.0
2167,2419.1
2168,2715.1
2169,2661.9
2170,5396.3
2171,2625.5
2172,2975.4
2173,5162.5
2174,2694.8
2175,2335.9
2176,5115.7
2177,4042.1
2178,2425.9
2179,2654.7
2180,1729.1
2181,2451.2
2182,3020.3
2183,2518.4
2184,3813.6
2185,2700.1
2186,4362.6
2187,3161.5
2188,2229.6
2189,2720.8
2190,3545.3
2191,3084.3
2192,2426.6
2193,2541.2
2194,4778.3
2195,8102.4
2196,2781.0
2197,1713.7
2198,2520.7
2199,3766.2
2200,3983.6
2201,3466.3
2202,6773.2
2203,2377.7
2204,4379.2
2205,4103.6
2206,4427.6
2207,3042.2
2208,3398.1
2209,3027.6
2210,3635.2
2211,2551.9
2212,2162.1
2213,3514.3
2214,3486.0
2215,4714.8
2216,2958.7
2217,2151.0
2218,4857.1
2219,2545.1
2220,5595.1
2221,2853.2
2222,5093.6
2223,1739.1
2224,5281.3
2225,2244.3
2226,3037.8
2227,3658.4
2228,11934.0
2229,2599.5
2230,2991.0
2231,3354.2
2232,2220.8
2233,4228.2
2234,3058.6
2235,2811.6
2236,4027.7
2237,8416.1
2238,5815.7
2239,7682.8
2240,2921.9
2241,3282.0
2242,2669.4
2243,2620.5
2244,4838.0
2245,3263.9
2246,3405.0
2247,3595.6
2248,3606.8
2249,2185.3
2250,5994.2
2251,3204.6
2252,2534.5
2253,2887.9
2254,3168.5
2255,3610.4
2256,1301.9
2257,2587.3
2258,2555.6
2259,2744.9
2260,3090.3
2261,2532.9
2262,5184.3
2263,4592.2
2264,2741.3
2265,2929.2
2266,3415.1
2267,3357.4
2268,2233.4
2269,2856.9
2270,2842.4
2271,6376.1
2272,2136.4
2273,4726.5
2274,1526.7
2275,3490.7
2276,3550.1
2277,3894.9
2278,3209.1
2279,2511.3
2280,6081.3
2281,1479.5
2282,2516.4
2283,2141.1
2284,5219.3
2285,3183.9
2286,3023.6
2287,6765.1
2288,1902.0
2289,1950.9
2290,1853.0
2291,2207.3
2292,2062.3
2293,5169.4
2294,2509.9
2295,3755.2
2296,1889.5
2297,2972.2
2298,3267.4
2299,3922.7
2300,3713.7
2301,2176.1
2302,2886.9
2303,5266.7
2304,1828.0
2305,5844.7
2306,5912.4
2307,3308.8
2308,2466.1
2309,3643.7
2310,3654.9
2311,2050.5
2312,4697.4
2313,2808.7
2314,2633.2
2315,3482.1
2316,2455.2
2317,4515.1
2318,2979.9
2319,2417.7
2320,2400.9
2321,2235.4
2322,6312.0
2323,3783.3
2324,4356.7
2325,5356.7
2326,3781.7
2327,1637.1
2328,1788.0
2329,6548.6
2330,1736.3
2331,2288.5
2332,6271.9
2333,2216.1
2334,2624.1
2335,4271.8
2336,2805.2
2337,4409.4
2338,3197.3
2339,1947.1
2340,3848.9
2341,1744.3
2342,5082.5
2343,2610.9
2344,4922.9
2345,3436.3
2346,2926.8
2347,2995.5
2348,5222.4
2349,5747.8
2350,5867.6
2351,2605.0
2352,3574.5
2353,3768.8
2354,5563.9
2355,2395.8
2356,2604.7
2357,2747.3
2358,2245.5
2359,6966.5
2360,2695.9
2361,3507.4
2362,2454.8
2363,2380.3
2364,3164.3
2365,3407.7
2366,3583.2
2367,2670.3
2368,4850.5
2369,2536.6
2370,4096.0
2371,3071.7
2372,5222.3
2373,3105.8
2374,4429.2
2375,1979.1
2376,2663.1
2377,2788.9
2378,5756.1
2379,2574.0
2380,3566.0
2381,3374.4
2382,2302.0
2383,2232.2
2384,2850.6
2385,3805.9
2386,2599.7
2387,2074.9
2388,2735.0
2389,2379.6
2390,2134.6
2391,2598.6
2392,4043.5
2393,3292.9
2394,4005.5
2395,2069.3
2396,4897.7
2397,2397.5
2398,2380.3
2399,5211.6
2400,3695.7
2401,5672.7
2402,1960.6
2403,3415.4
2404,4224.1
2405,3886.9
2406,2496.4
2407,3055.5
2408,4157.3
2409,2581.4
2410,3119.2
2411,3448.9
2412,1973.2
2413,1909.1
2414,3452.8
2415,2360.7
2416,2899.1
2417,3174.3
2418,3273.7
2419,1486.9
2420,8229.4
2421,2475.3
2422,1549.8
2423,3746.3
2424,2636.5
2425,2166.2
2426,2212.0
2427,1532.5
2428,2199.6
2429,2276.4
2430,2891.8
2431,3130.2
2432,5758.7
2433,3364.8
2434,3394.6
2435,3512.6
2436,4431.0
2437,4798.1
2438,2712.9
2439,1866.3
2440,2954.8
2441,5317.7
2442,2721.7
2443,2582.7
2444,2942.1
2445,2599.0
2446,5534.3
2447,2989.3
2448,3809.6
2449,3063.8
2450,3556.5
2451,3985.1
2452,2487.9
2453,3214.6
2454,3056.9
2455,6183.1
2456,1460.4
2457,1844.3
2458,6235.9
2459,3792.2
2460,2520.0
2461,2474.3
2462,2457.5
2463,3716.9
2464,2686.1
2465,2153.1
2466,3094.5
2467,3934.6
2468,4642.3
2469,2832.8
2470,3531.2
2471,4171.8
2472,2334.7
2473,2902.3
2474,2560.0
2475,2558.7
2476,2372.2
2477,2167.2
2478,3114.4
2479,3357.4
2480,2806.8
2481,1593.6
2482,5111.4
2483,3637.5
2484,1632.6
2485,5335.3
2486,4888.3
2487,3304.2
2488,3531.9
2489,2918.3
2490,3045.1
2491,3269.0
2492,5709.3
2493,4556.4
2494,3893.5
2495,1884.3
2496,2570.1
2497,1823.3
2498,4115.0
2499,3949.4
2500,3963.6
2501,4498.5
2502,3054.7
2503,2451.9
2504,3182.6
2505,5251.4
2506,3656.1
2507,4776.3
2508,2540.4
2509,3646.7
2510,5565.2
2511,3726.6
2512,2757.6
2513,3026.3
2514,7796.0
2515,2868.7
2516,3226.9
2517,2022.8
2518,2247.7
2519,2409.2
2520,7052.3
2521,2802.0
2522,2424.7
2523,3615.1
2524,2036.4
2525,2993.7
2526,4016.8
2527,3088.2
2528,2766.8
2529,3229.0
2530,2876.2
2531,3075.1
2532,1821.0
2533,5023.0
2534,2152.7
2535,2696.1
2536,4979.7
2537,3213.0
2538,4411.5
2539,2274.8
2540,3424.0
2541,3683.8
2542,3512.9
2543,2413.0
2544,2025.5
2545,3491.3
2546,1717.5
2547,4498.2
2548,2342.6
2549,3011.2
2550,6758.3
2551,4236.3
2552,3080.3
2553,2269.2
2554,2332.3
2555,2780.8
2556,4552.8
2557,3402.3
2558,2751.3
2559,4153.5
2560,2185.8
2561,2577.7
2562,3465.3
2563,4082.2
2564,2716.3
2565,4539.4
2566,2031.5
2567,2800.6
2568,2775.5
2569,1338.2
2570,4546.4
2571,5955.4
2572,2727.3
2573,3335.1
2574,2971.3
2575,2371.3
2576,3351.2
2577,5711.9
2578,3103.0
2579,3575.5
2580,4248.0
2581,4872.0
2582,2704.4
2583,2211.6
2584,6723.6
2585,2662.7
2586,2967.2
2587,2099.9
2588,2317.0
2589,1899.3
2590,4427.0
2591,5039.8
2592,4359.8
2593,2297.6
2594,2889.9
2595,4335.8
2596,2394.6
2597,4831.9
2598,1944.1
2599,4141.2
2600,3376.0
2601,2204.1
2602,2693.6
2603,2504.9
2604,3508.9
2605,2945.1
2606,4617.2
2607,3991.9
2608,2534.1
2609,2694.5
2610,5608.6
2611,6059.1
2612,2910.3
2613,3531.8
2614,2472.8
2615,2730.6
2616,2556.4
2617,2031.3
2618,2863.7
2619,5014.2
2620,2542.2
2621,3087.5
2622,2688.4
2623,3437.3
2624,6028.0
2625,2852.9
2626,2158.4
2627,4212.3
2628,2538.7
2629,2471.2
2630,2574.1
2631,2703.2
2632,7161.7
2633,4832.2
2634,4149.3
2635,3112.5
2636,5164.7
2637,2465.5
2638,2964.7
2639,2855.9
2640,3311.2
2641,3475.0
2642,5192.3
2643,5114.4
2644,5827.1
2645,2284.6
2646,2236.0
2647,2459.6
2648,3473.4
2649,1881.7
2650,4218.3
2651,3797.6
2652,5630.5
2653,4658.7
2654,7475.4
2655,5026.7
2656,4109.6
2657,5640.6
2658,2936.5
2659,4109.8
2660,2207.5
2661,3972.7
2662,3744.9
2663,1966.8
2664,4472.2
2665,3547.2
2666,2104.1
2667,3389.2
2668,3704.8
2669,4757.3
2670,2844.0
2671,3083.0
2672,6778.1
2673,3225.7
2674,3537.1
2675,3000.5
2676,4400.6
2677,3388.2
2678,3469.2
2679,3471.1
2680,2595.2
2681,2468.4
2682,2513.1
2683,2949.6
2684,3105.5
2685,3710.3
2686,1985.2
2687,2660.2
2688,2753.4
2689,5344.6
2690,3591.5
2691,2977.3
2692,3117.7
2693,2660.4
2694,3270.2
2695,2672.2
2696,3642.0
2697,3556.0
2698,2268.8
2699,3082.3
2700,2439.8
2701,2642.3
2702,2849.7
2703,2442.6
2704,2835.5
2705,2846.8
2706,2808.3
2707,1982.5
2708,3508.3
2709,2489.3
2710,3352.4
2711,4471.0
2712,2255.1
2713,2645.2
2714,2592.4
2715,2121.2
2716,1845.6
2717,2446.4
2718,2736.0
2719,3708.7
2720,2805.1
2721,1814.0
2722,2958.9
2723,5325.4
2724,3711.6
2725,6261.2
2726,2469.4
2727,3334.2
2728,3079.0
2729,3653.8
2730,3961.1
2731,2749.4
2732,4383.1
2733,4073.5
2734,3656.8
2735,2950.4
2736,7094.2
2737,2994.7
2738,3817.6
2739,2321.5
2740,2415.0
2741,2066.2
2742,3027.7
2743,3926.3
2744,2625.5
2745,2296.8
2746,2396.6
2747,4154.8
2748,1764.4
2749,3971.1
2750,2238.4
2751,7060.2
2752,2802.4
2753,2479.1
2754,5856.4
2755,5312.8
2756,2620.1
2757,3459.6
2758,2928.9
2759,1925.8
2760,2853.1
2761,4061.4
2762,2360.9
2763,2562.9
2764,3137.9
2765,2786.9
2766,5629.3
2767,2173.6
2768,3134.7
2769,4123.0
2770,2797.2
2771,5965.3
2772,4376.1
2773,3115.5
2774,3499.7
2775,4944.0
2776,2840.0
2777,2392.0
2778,3426.2
2779,2664.9
2780,3655.6
2781,6905.9
2782,2384.5
2783,2867.8
2784,2325.3
2785,3689.9
2786,2588.7
2787,1551.6
2788,3976.2
2789,3128.0
2790,6186.2
2791,1650.3
2792,3149.9
2793,2268.4
2794,2786.2
2795,3515.6
2796,4206.3
2797,3560.8
2798,3167.1
2799,2004.2
2800,4743.4
2801,3565.2
2802,3233.8
2803,1764.3
2804,3251.8
2805,2474.7
2806,2858.8
2807,1277.3
2808,2029.0
2809,2594.3
2810,2839.2
2811,1355.1
2812,3127.8
2813,2104.1
2814,2918.5
2815,4281.8
2816,1885.6
2817,5232.5
2818,3746.7
2819,2742.1
2820,4123.9
2821,3010.9
2822,2411.3
2823,2357.7
2824,3074.9
2825,3143.0
2826,1898.8
2827,2474.7
2828,2452.7
2829,5560.1
2830,3026.6
2831,2522.1
2832,3094.1
2833,3970.3
2834,4038.9
2835,4082.2
2836,4148.6
2837,5646.7
2838,3158.6
2839,2443.9
2840,4262.3
2841,1767.3
2842,4868.5
2843,2804.1
2844,3270.7
2845,3033.3
2846,2621.1
2847,3108.7
2848,3844.3
2849,3629.0
2850,3340.9
2851,2518.2
2852,2439.7
2853,3999.3
2854,2341.6
2855,2747.0
2856,2430.8
2857,4084.4
2858,2099.3
2859,3249.0
2860,3964.2
2861,3973.6
2862,3079.1
2863,4292.0
2864,3493.8
2865,2019.4
2866,3088.5
2867,1971.8
2868,3707.3
2869,5116.9
2870,4519.0
2871,2527.3
2872,5820.0
2873,3334.5
2874,3925.7
2875,3706.8
2876,3356.1
2877,2849.7
2878,7020.3
2879,3423.4
2880,3445.3
2881,3803.1
2882,4809.9
2883,3853.5
2884,2239.1
2885,2302.5
2886,5707.1
2887,1438.0
2888,5022.3
2889,3019.3
2890,2941.1
2891,2856.3
2892,2748.7
2893,2719.8
2894,2346.9
2895,3171.5
2896,4646.5
2897,3674.3
2898,2269.0
2899,2533.4
2900,4492.4
2901,1598.4
2902,5594.4
2903,3230.9
2904,5118.9
2905,4012.7
2906,4784.0
2907,4490.7
2908,2657.7
2909,3212.1
2910,2658.5
2911,2614.8
2912,3357.2
2913,1655.4
2914,3107.9
2915,1477.3
2916,1322.9
2917,5668.8
2918,3141.6
2919,1662.8
2920,2445.1
2921,2915.4
2922,3524.7
2923,2832.4
2924,4222.7
2925,5333.2
2926,3054.0
2927,2928.9
2928,2082.9
2929,2686.9
2930,3717.7
2931,3400.7
2932,3991.3
2933,6232.9
2934,4155.7
2935,2430.4
2936,3080.6
2937,2697.5
2938,4042.4
2939,11874.6
2940,3687.6
2941,2559.4
2942,4095.1
2943,5295.2
2944,6420.0
2945,3076.8
2946,2752.5
2947,5436.2
2948,2819.4
2949,3262.2
2950,4902.8
2951,5806.9
2952,4237.4
2953,2955.6
2954,2608.4
2955,2825.0
2956,3460.9
2957,2114.2
2958,3379.4
2959,1495.0
2960,2798.1
2961,1972.4
2962,4146.9
2963,3128.8
2964,2199.1
2965,2454.3
2966,1815.9
2967,3099.3
2968,3329.9
2969,3059.9
2970,6292.5
2971,6313.5
2972,2617.8
2973,1981.4
2974,2523.6
2975,2673.8
2976,3508.5
2977,3298.0
2978,2559.2
2979,2767.7
2980,2336.1
2981,2807.1
2982,3840.8
2983,1554.1
2984,3468.1
2985,2405.1
2986,3003.1
2987,3321.0
2988,1880.6
2989,3091.3
2990,2001.4
2991,2856.0
2992,2791.3
2993,3646.4
2994,3252.6
2995,2669.5
2996,1904.4
2997,4033.4
2998,3322.9
2999,2602.0
3000,2136.7
3001,2772.9
3002,3202.8
3003,3021.7
3004,1696.2
3005,3114.0
3006,3336.4
3007,2904.2
3008,3009.9
3009,2081.6
3010,2574.3
3011,2369.6
3012,3786.2
3013,2948.8
3014,2621.8
3015,3214.2
3016,2500.8
3017,1894.9
3018,8682.1
3019,5227.7
3020,2492.1
3021,4245.9
3022,6921.3
3023,3758.8
3024,4725.1
3025,5132.2
3026,2140.2
3027,3914.7
3028,3227.6
3029,3102.4
3030,2603.8
3031,5708.7
3032,4238.0
3033,1658.8
3034,2798.7
3035,2112.5
3036,3610.6
3037,2119.2
3038,4672.1
3039,18975.1
3040,5463.6
3041,1842.6
3042,4191.4
3043,3414.8
3044,4416.0
3045,3440.7
3046,2725.8
3047,7472.5
3048,2522.3
3049,2875.3
3050,5910.4
3051,1213.8
3052,2615.1
3053,2915.9
3054,2702.5
3055,4854.6
3056,2313.2
3057,2433.9
3058,2938.0
3059,5347.5
3060,1309.4
3061,2577.0
3062,2315.7
3063,6041.1
3064,4347.5
3065,3540.4
3066,2774.3
3067,4092.4
3068,2507.4
3069,2743.7
3070,3596.1
3071,2214.3
3072,3120.2
3073,2779.3
3074,2871.0
3075,3158.7
3076,2807.1
3077,1791.1
3078,1781.4
3079,2696.4
3080,3568.8
3081,2764.7
3082,3162.6
3083,3500.9
3084,2468.1
3085,3135.0
3086,7169.4
3087,2501.0
3088,4050.3
3089,5519.5
3090,2557.1
3091,4261.6
3092,5203.4
3093,2229.5
3094,3551.3
3095,2127.1
3096,2798.9
3097,2885.5
3098,4405.1
3099,1507.6
3100,1917.7
3101,3904.5
3102,3177.6
3103,1874.0
3104,2967.4
3105,3239.3
3106,3727.1
3107,2781.3
3108,3482.1
3109,2364.2
3110,2468.8
3111,2590.9
3112,4204.0
3113,3284.5
3114,2071.9
3115,3399.5
3116,1646.6
3117,3059.5
3118,1908.0
3119,2909.4
3120,2823.5
3121,1924.5
3122,2335.3
3123,5038.4
3124,2491.2
3125,2609.2
3126,4477.1
3127,3879.0
3128,3591.5
3129,4919.4
3130,2378.0
3131,2327.8
3132,6257.6
3133,2092.0
3134,6083.8
3135,4344.7
3136,3650.2
3137,2269.4
3138,2771.3
3139,3468.1
3140,6414.2
3141,1775.9
3142,3150.4
3143,3173.8
3144,2627.6
3145,3568.9
3146,2410.4
3147,4057.2
3148,2429.6
3149,2545.1
3150,3594.4
3151,4301.5
3152,4278.1
3153,2393.7
3154,4476.8
3155,3247.5
3156,2211.4
3157,5859.8
3158,4520.6
3159,2656.8
3160,3519.2
3161,5697.0
3162,2502.8
3163,2805.1
3164,2265.1
3165,2895.2
3166,2730.1
3167,2830.0
3168,2062.5
3169,1796.1
3170,7318.6
3171,4272.1
3172,3213.0
3173,2531.3
3174,2987.8
3175,4441.8
3176,2716.7
3177,2357.4
3178,2533.4
3179,4174.3
3180,2828.0
3181,3855.4
3182,3547.9
3183,5777.1
3184,2301.6
3185,2652.1
3186,5380.8
3187,3482.9
3188,3328.8
3189,4146.7
3190,4501.7
3191,1636.0
3192,3328.8
3193,2042.5
3194,3648.7
3195,2775.7
3196,2154.5
3197,2251.7
3198,3271.8
3199,2920.8
3200,2390.4
3201,3998.5
3202,1877.1
3203,2989.3
3204,2206.9
3205,3992.7
3206,3877.1
3207,2620.1
3208,3030.4
3209,2429.6
3210,2477.3
3211,3544.3
3212,2820.1
3213,5199.9
3214,3159.7
3215,3818.9
3216,3280.3
3217,3000.0
3218,3094.2
3219,1395.3
3220,3013.9
3221,2314.8
3222,2733.8
3223,3851.1
3224,2650.1
3225,3156.2
3226,2040.8
3227,5537.0
3228,3439.0
3229,2094.2
3230,1998.7
3231,5019.1
3232,3506.4
3233,2461.8
3234,3081.4
3235,2319.1
3236,5615.7
3237,6533.2
3238,2374.1
3239,5050.9
3240,3100.8
3241,3174.3
3242,3444.4
3243,2198.3
3244,3998.6
3245,3341.5
3246,3819.7
3247,3254.8
3248,3128.6
3249,3991.9
3250,2956.2
3251,7471.2
3252,2645.9
3253,2265.4
3254,2642.7
3255,3008.7
3256,2118.2
3257,1557.5
3258,2922.7
3259,3560.7
3260,1270.0
3261,3229.1
3262,3115.8
3263,1985.5
3264,2564.2
3265,2723.4
3266,2562.1
3267,2175.6
3268,3251.3
3269,3059.0
3270,2832.4
3271,2243.2
3272,3445.7
3273,2769.7
3274,2514.9
3275,2398.9
3276,2233.6
3277,3283.0
3278,3106.7
3279,2829.1
3280,1236.7
3281,1784.2
3282,2795.8
3283,4014.3
3284,2513.6
3285,2816.7
3286,3178.0
3287,2378.5
3288,2575.0
3289,6688.2
3290,2287.2
3291,3807.6
3292,5255.2
3293,3489.6
3294,6858.9
3295,4077.3
3296,3633.6
3297,1680.6
3298,5197.2
3299,1257.2
3300,2586.2
3301,2997.4
3302,2720.7
3303,3137.5
3304,3754.9
3305,3114.5
3306,3388.5
3307,4786.7
3308,2085.5
3309,2586.3
3310,1791.1
3311,4853.2
3312,1618.4
3313,2752.9
3314,1842.4
3315,1878.7
3316,2001.9
3317,5712.2
3318,5132.2
3319,7006.6
3320,5687.4
3321,3113.9
3322,3023.4
3323,5004.6
3324,3007.0
3325,4068.1
3326,2025.7
3327,2746.7
3328,3760.3
3329,2221.2
3330,3832.5
3331,3632.9
3332,2098.9
3333,4511.8
3334,2119.5
3335,4000.9
3336,2537.1
3337,1795.9
3338,2811.0
3339,2516.1
3340,2623.8
3341,3270.5
3342,4179.7
3343,2074.3
3344,2727.6
3345,2727.7
3346,4371.3
3347,3492.8
3348,2202.1
3349,1173.5
3350,6306.3
3351,3554.6
3352,4559.3
3353,5322.6
3354,2951.4
3355,2570.7
3356,5062.4
3357,3918.1
3358,5930.3
3359,3170.8
3360,2892.9
3361,1608.1
3362,13501.5
3363,3991.7
3364,4746.7
3365,5554.4
3366,1224.3
3367,2716.2
3368,5292.9
3369,2195.1
3370,1948.4
3371,4440.4
3372,3791.5
3373,4302.7
3374,4802.2
3375,3372.0
3376,4032.2
3377,2136.5
3378,1742.1
3379,5785.2
3380,2995.2
3381,3789.9
3382,2796.8
3383,2083.5
3384,2505.4
3385,2765.6
3386,3617.8
3387,5166.0
3388,3500.1
3389,2829.8
3390,4027.2
3391,5560.1
3392,4256.0
3393,2782.2
3394,5744.6
3395,2179.5
3396,1915.3
3397,5265.7
3398,2712.8
3399,3130.3
3400,5297.6
3401,2468.4
3402,2028.5
3403,1213.6
3404,2587.0
3405,4643.0
3406,2413.9
3407,2560.1
3408,2635.5
3409,2278.2
3410,3774.0
3411,3615.6
3412,2748.3
3413,4138.6
3414,2890.2
3415,3386.5
3416,3629.5
3417,3084.1
3418,2154.2
3419,2247.5
3420,2890.2
3421,1733.4
3422,3505.4
3423,1830.9
3424,3398.0
3425,4788.0
3426,3680.5
3427,2543.4
3428,3403.2
3429,5970.8
3430,4490.0
3431,5641.7
3432,3409.5
3433,2152.7
3434,2379.6
3435,3508.9
3436,2089.3
3437,2910.9
3438,1777.8
3439,2574.9
3440,4604.3
3441,2198.7
3442,3708.9
3443,4295.5
3444,6258.4
3445,3037.2
3446,2099.1
3447,2885.6
3448,3805.3
3449,2319.7
3450,3084.6
3451,3044.2
3452,2868.0
3453,4833.5
3454,3692.7
3455,2846.5
3456,4572.9
3457,3721.0
3458,3023.9
3459,3535.4
3460,3357.5
3461,2844.3
3462,3818.1
3463,3892.6
3464,2089.9
3465,2560.4
3466,2552.5
3467,3285.0
3468,3046.9
3469,2251.3
3470,3971.1
3471,3663.8
3472,1463.2
3473,1543.5
3474,2293.2
3475,1991.4
3476,5061.1
3477,5338.7
3478,2940.4
3479,3180.8
3480,3093.7
3481,4150.6
3482,1580.8
3483,2687.6
3484,5823.9
3485,3743.9
3486,3681.0
3487,2267.1
3488,1868.0
3489,3228.0
3490,3089.1
3491,3389.3
3492,1925.2
3493,3860.6
3494,6764.5
3495,2072.6
3496,1208.4
3497,7051.0
3498,4816.1
3499,7569.3
3500,2932.0
3501,2881.5
3502,3689.6
3503,5721.1
3504,3289.3
3505,2406.0
3506,2394.4
3507,1444.8
3508,2724.8
3509,3137.1
3510,2892.2
3511,2296.5
3512,2974.8
3513,23816.3
3514,2047.4
3515,1698.4
3516,5147.0
3517,3229.4
3518,2071.1
3519,3533.6
3520,3162.7
3521,4787.3
3522,2576.2
3523,2737.5
3524,2173.0
3525,2315.8
3526,2698.4
3527,2753.4
3528,2649.3
3529,3822.4
3530,2988.3
3531,2073.2
3532,6376.4
3533,3673.6
3534,3550.4
3535,4890.2
3536,3067.9
3537,4489.9
3538,3938.3
3539,6005.0
3540,2717.5
3541,2184.4
3542,2681.0
3543,3495.4
3544,2627.8
3545,1658.6
3546,4917.6
3547,2737.2
3548,4101.8
3549,2559.2
3550,5251.2
3551,2761.6
3552,3575.5
3553,2591.0
3554,5810.1
3555,2785.9
3556,3878.9
3557,4118.6
3558,4146.0
3559,3613.3
3560,2559.7
3561,3884.3
3562,2835.1
3563,1561.0
3564,3283.6
3565,1455.3
3566,3993.3
3567,3867.2
3568,6712.0
3569,3033.5
3570,4869.6
3571,4851.8
3572,3751.3
3573,2946.8
3574,4230.3
3575,7661.7
3576,4782.9
3577,3648.8
3578,5127.2
3579,1962.0
3580,3229.4
3581,2855.0
3582,3703.5
3583,1183.2
3584,3218.7
3585,3201.3
3586,2569.5
3587,2777.7
3588,2777.6
3589,1651.0
3590,4420.5
3591,6279.4
3592,2298.5
3593,2955.9
3594,2432.5
3595,4597.0
3596,2408.0
3597,3974.5
3598,3390.9
3599,2956.0
3600,3249.7
3601,1500.7
3602,2851.0
3603,6235.7
3604,3476.9
3605,1700.7
3606,2277.0
3607,4999.6
3608,3943.4
3609,3917.5
3610,3930.2
3611,996.0
3612,5149.4
3613,1936.0
3614,3222.3
3615,5843.2
3616,3574.9
3617,3704.8
3618,3011.8
3619,2807.2
3620,2353.3
3621,3773.4
3622,3739.2
3623,5422.5
3624,2202.9
3625,5690.6
3626,2548.1
3627,3135.7
3628,3155.5
3629,2697.0
3630,5075.6
3631,1919.9
3632,1842.5
3633,3249.1
3634,4616.3
3635,3398.2
3636,2062.9
3637,3782.4
3638,3149.8
3639,7335.4
3640,2159.4
3641,6217.9
3642,3110.0
3643,3215.1
3644,2957.7
3645,4732.8
3646,2295.4
3647,5337.3
3648,2364.8
3649,4532.1
3650,2409.2
3651,4610.6
3652,2757.3
3653,3418.8
3654,6431.0
3655,3760.0
3656,2379.9
3657,3730.9
3658,3562.6
3659,4094.0
3660,1672.4
3661,2927.9
3662,3244.0
3663,2667.6
3664,4903.0
3665,4691.9
3666,5711.1
3667,3474.0
3668,2922.1
3669,3205.7
3670,2308.9
3671,4664.8
3672,2350.9
3673,3135.7
3674,3124.9
3675,4485.8
3676,6326.7
3677,5035.5
3678,4614.5
3679,4840.0
3680,5851.1
3681,2606.9
3682,8763.5
3683,4831.7
3684,3738.6
3685,2378.0
3686,5477.5
3687,3215.4
3688,3257.7
3689,2473.4
3690,3135.8
3691,5623.9
3692,2976.0
3693,1574.5
3694,1792.1
3695,6126.8
3696,1812.7
3697,4070.9
3698,2424.0
3699,1565.4
3700,2896.7
3701,1118.3
3702,2666.1
3703,2182.0
3704,2950.4
3705,4011.9
3706,2501.3
3707,4222.0
3708,3775.4
3709,2981.5
3710,2816.1
3711,5738.4
3712,4264.4
3713,4145.0
3714,3731.2
3715,6424.1
3716,3077.7
3717,2216.2
3718,3312.6
3719,1425.1
3720,2590.8
3721,1612.0
3722,3612.5
3723,4407.3
3724,4458.6
3725,2359.0
3726,4299.1
3727,3361.2
3728,2473.7
3729,3306.3
3730,3556.3
3731,2725.0
3732,3310.5
3733,4948.2
3734,6487.4
3735,2733.8
3736,2974.6
3737,3494.5
3738,3707.4
3739,2471.3
3740,2697.4
3741,2790.1
3742,1808.9
3743,5656.9
3744,2598.8
3745,3876.1
3746,4148.1
3747,3130.1
3748,3391.3
3749,3499.4
3750,2699.0
3751,4155.3
3752,5134.2
3753,4030.0
3754,1668.4
3755,1694.8
3756,3430.7
3757,3076.5
3758,3077.5
3759,2003.3
3760,5815.8
3761,3300.5
3762,2700.1
3763,2016.2
3764,6030.7
3765,3335.9
3766,3993.1
3767,2295.2
3768,2542.6
3769,2688.5
3770,1611.8
3771,3815.1
3772,4146.7
3773,6515.1
3774,6450.4
3775,2139.7
3776,2226.7
3777,3614.7
3778,3340.7
3779,3638.6
3780,5560.2
3781,2877.3
3782,2747.2
3783,2938.1
3784,3237.6
3785,5952.6
3786,3514.7
3787,2263.4
3788,2224.3
3789,3041.3
3790,4577.1
3791,3980.5
3792,5734.0
3793,3662.9
3794,2857.5
3795,3158.9
3796,3188.5
3797,2255.5
3798,2722.2
3799,3864.3
3800,4242.0
3801,3104.3
3802,1970.3
3803,7381.0
3804,1806.6
3805,3323.0
3806,3961.0
3807,4376.8
3808,3735.3
3809,6725.8
3810,4295.7
3811,2988.4
3812,2376.4
3813,2844.3
3814,2865.4
3815,7742.5
3816,3252.9
3817,5316.2
3818,3477.1
3819,3219.5
3820,3056.6
3821,4790.0
3822,4364.0
3823,8635.0
3824,2487.5
3825,2907.5
3826,3680.8
3827,2723.3
3828,4347.0
3829,2746.2
3830,3377.3
3831,3464.5
3832,3434.6
3833,1747.4
3834,3741.4
3835,4729.6
3836,1281.0
3837,4051.8
3838,2155.1
3839,3656.9
3840,2637.3
3841,3884.5
3842,5617.2
3843,4654.6
3844,2583.4
3845,2740.9
3846,2348.6
3847,4038.3
3848,3078.2
3849,3370.6
3850,3692.8
3851,3195.8
3852,7856.9
3853,3398.5
3854,2833.7
3855,2141.4
3856,3742.2
3857,6466.8
3858,2424.3
3859,2619.2
3860,8178.9
3861,4940.8
3862,1482.3
3863,4978.6
3864,3712.8
3865,1916.2
3866,2525.8
3867,2743.1
3868,1972.8
3869,3304.0
3870,1636.8
3871,3355.9
3872,3667.6
3873,1865.8
3874,4833.6
3875,2675.8
3876,2704.7
3877,7017.0
3878,2188.2
3879,3139.0
3880,2467.4
3881,3145.2
3882,2753.8
3883,6785.4
3884,5265.7
3885,3006.3
3886,4873.3
3887,2243.5
3888,6149.7
3889,4055.2
3890,1710.0
3891,3336.2
3892,2037.3
3893,3239.4
3894,4207.5
3895,4527.3
3896,2850.4
3897,4108.4
3898,4060.2
3899,5496.1
3900,4521.1
3901,2962.1
3902,1696.0
3903,1862.8
3904,7148.4
3905,3745.0
3906,2342.6
3907,2102.0
3908,5082.1
3909,3661.9
3910,3098.7
3911,5623.6
3912,3174.8
3913,3100.3
3914,2662.6
3915,2209.6
3916,5190.1
3917,5413.6
3918,5320.9
3919,2404.6
3920,4211.1
3921,3899.4
3922,2902.9
3923,2996.4
3924,3237.1
3925,3263.4
3926,3231.3
3927,2251.6
3928,5035.2
3929,4632.2
3930,3350.8
3931,3107.4
3932,3064.1
3933,2761.4
3934,3382.9
3935,2416.5
3936,3279.0
3937,2863.7
3938,4063.6
3939,2570.2
3940,4342.2
3941,3534.5
3942,3326.9
3943,3024.6
3944,1754.9
3945,5604.6
3946,2173.4
3947,3139.0
3948,2181.0
3949,2684.6
3950,2398.8
3951,2596.7
3952,3476.0
3953,2777.1
3954,5214.9
3955,3455.6
3956,3837.2
3957,2354.4
3958,5382.9
3959,5533.8
3960,2446.0
3961,3209.9
3962,2707.6
3963,1778.4
3964,2081.1
3965,4220.4
3966,2583.6
3967,3557.6
3968,3025.4
3969,4654.8
3970,2958.9
3971,4646.5
3972,4861.2
3973,2767.0
3974,4147.3
3975,3383.6
3976,5532.7
3977,2739.8
3978,2647.0
3979,17005.6
3980,2426.3
3981,6030.0
3982,3726.0
3983,3934.8
3984,3103.3
3985,2853.2
3986,2782.0
3987,2509.2
3988,1576.8
3989,5200.6
3990,3250.0
3991,6804.5
3992,3129.5
3993,2682.1
3994,7931.6
3995,3486.1
3996,2105.9
3997,2954.3
3998,2905.6
3999,5113.7
4000,2450.4
4001,4858.5
4002,2610.3
4003,4557.4
4004,2727.8
4005,4059.7
4006,3127.2
4007,3892.6
4008,3714.3
4009,2772.6
4010,2342.0
4011,3339.1
4012,5332.4
4013,2252.8
4014,5408.3
4015,2386.0
4016,2790.1
4017,2457.5
4018,1721.6
4019,2667.3
4020,5557.1
4021,1739.4
4022,1725.7
4023,3353.9
4024,2554.1
4025,6511.1
4026,1694.3
4027,1831.7
4028,3867.7
4029,1735.1
4030,4035.5
4031,4187.0
4032,2705.0
4033,3043.0
4034,5402.8
4035,3090.4
4036,3759.4
4037,2526.9
4038,3494.2
4039,5640.0
4040,2706.8
4041,3328.5
4042,2361.5
4043,4639.9
4044,1928.6
4045,2791.4
4046,5236.0
4047,3153.5
4048,14060.4
4049,3088.7
4050,2340.0
4051,3132.5
4052,2713.8
4053,2655.1
4054,4981.8
4055,3171.1
4056,3565.7
4057,2979.3
4058,4239.7
4059,6828.2
4060,3035.1
4061,2685.0
4062,3506.9
4063,4157.9
4064,6185.5
4065,2510.8
4066,4111.0
4067,1881.3
4068,5745.6
4069,2126.1
4070,4834.5
4071,4346.1
4072,3481.1
4073,6343.1
4074,4134.8
4075,5423.0
4076,4791.0
4077,2451.1
4078,3437.0
4079,3509.5
4080,4637.4
4081,2659.7
4082,1938.1
4083,3751.1
4084,3372.5
4085,2796.1
4086,3178.6
4087,3179.4
4088,2682.8
4089,3201.5
4090,2583.7
4091,2323.1
4092,5515.3
4093,2945.9
4094,3158.3
4095,5584.7
4096,3160.6
4097,2643.0
4098,2135.5
4099,3487.6
4100,2716.1
4101,3520.7
4102,3531.7
4103,4266.5
4104,2135.8
4105,2556.6
4106,6795.2
4107,4664.8
4108,4816.3
4109,2296.9
4110,1727.1
4111,1872.5
4112,2995.8
4113,2785.5
4114,1989.0
4115,3478.5
4116,2846.7
4117,2654.5
4118,2662.6
4119,6611.2
4120,4638.6
4121,2037.8
4122,2937.5
4123,2522.7
4124,2728.0
4125,2871.0
4126,3051.8
4127,3154.9
4128,2752.1
4129,4497.4
4130,4076.0
4131,2702.8
4132,1984.0
4133,3044.6
4134,2139.4
4135,1347.9
4136,3797.3
4137,3630.6
4138,3051.7
4139,1953.8
4140,4765.7
4141,2338.6
4142,5675.6
4143,3138.6
4144,2942.5
4145,4331.3
4146,3332.6
4147,1898.1
4148,1771.7
4149,2496.8
4150,1721.3
4151,4391.4
4152,5268.5
4153,2703.9
4154,2921.4
4155,1652.0
4156,4352.2
4157,2552.8
4158,4805.4
4159,2924.1
4160,2845.8
4161,3384.3
4162,3113.6
4163,5385.6
4164,2984.5
4165,5486.4
4166,3455.7
4167,3312.1
4168,6086.9
4169,1994.1
4170,2464.3
4171,5500.1
4172,2046.3
4173,1796.9
4174,2149.0
4175,4819.8
4176,2266.3
4177,3150.4
4178,2806.2
4179,3543.0
4180,2571.4
4181,3326.4
4182,3999.7
4183,2785.6
4184,2910.0
4185,2329.4
4186,2839.8
4187,2731.1
4188,3867.5
4189,2458.7
4190,7110.7
4191,3603.2
4192,1405.4
4193,2727.3
4194,2777.1
4195,3215.7
4196,5268.1
4197,4123.3
4198,2566.5
4199,4174.3
4200,2464.3
4201,1976.2
4202,2214.0
4203,3288.6
4204,3413.9
4205,2755.6
4206,7077.0
4207,4158.6
4208,4202.0
4209,2935.9
4210,3385.9
4211,2482.8
4212,2261.0
4213,2128.0
4214,2286.8
4215,2494.5
4216,5200.1
4217,5563.9
4218,1694.1
4219,2457.5
4220,2932.7
4221,3215.9
4222,3086.9
4223,1610.7
4224,6368.1
4225,3257.5
4226,1904.0
4227,4950.7
4228,2333.7
4229,3305.0
4230,3277.3
4231,3742.7
4232,2947.2
4233,3135.8
4234,5060.1
4235,6749.9
4236,3503.5
4237,2793.4
4238,3018.3
4239,6269.4
4240,2754.8
4241,2349.3
4242,2257.3
4243,1760.2
4244,1492.4
4245,3842.2
4246,6133.6
4247,3633.2
4248,3877.2
4249,5042.8
4250,2135.8
4251,2913.0
4252,2022.9
4253,4983.3
4254,3104.1
4255,1721.5
4256,2710.9
4257,2611.9
4258,5328.1
4259,2834.7
4260,3214.8
4261,2576.9
4262,2131.9
4263,3262.4
4264,2147.9
4265,2588.7
4266,2821.7
4267,1847.7
4268,6230.4
4269,2608.9
4270,2356.9
4271,4738.1
4272,4036.4
4273,2166.6
4274,2316.8
4275,2318.5
4276,2587.8
4277,3578.8
4278,3324.2
4279,4168.5
4280,2670.9
4281,4483.6
4282,4029.6
4283,1376.0
4284,2498.6
4285,3962.2
4286,1898.6
4287,3929.2
4288,1522.0
4289,1689.0
4290,2494.0
4291,4317.3
4292,2040.1
4293,2544.5
4294,4829.6
4295,2580.8
4296,2740.6
4297,4828.4
4298,3244.4
4299,4939.7
4300,3833.0
4301,7031.8
4302,3712.5
4303,2445.4
4304,2755.0
4305,2456.5
4306,2955.9
4307,2242.2
4308,4316.6
4309,1771.0
4310,3282.9
4311,5192.7
4312,3683.8
4313,9981.3
4314,2873.4
4315,1838.3
4316,2633.8
4317,7442.9
4318,4174.0
4319,2750.0
4320,4006.5
4321,3824.3
4322,3362.7
4323,3721.3
4324,2940.5
4325,2703.5
4326,4986.3
4327,2369.3
4328,2492.7
4329,2598.0
4330,3662.5
4331,2553.2
4332,2822.7
4333,4157.2
4334,3777.0
4335,3287.4
4336,2403.3
4337,3081.3
4338,4715.1
4339,1548.2
4340,4296.3
4341,4257.5
4342,5371.9
4343,3310.9
4344,2555.3
4345,1649.1
4346,2815.5
4347,5717.7
4348,8013.7
4349,2796.3
4350,2928.4
4351,2953.5
4352,2055.1
4353,2647.1
4354,4854.3
4355,4118.6
4356,2652.4
4357,3235.5
4358,2275.8
4359,5485.5
4360,2701.5
4361,3295.4
4362,5480.4
4363,2896.6
4364,2727.3
4365,3336.9
4366,3089.2
4367,3117.6
4368,3625.5
4369,2920.3
4370,1930.4
4371,3711.7
4372,6705.3
4373,2759.1
4374,3890.7
4375,5597.4
4376,3903.1
4377,2468.7
4378,2651.2
4379,3929.4
4380,4119.0
4381,3752.8
4382,5926.1
4383,3514.9
4384,3677.0
4385,4484.2
4386,2054.3
4387,2766.3
4388,6106.0
4389,2566.1
4390,2928.5
4391,1286.1
4392,2144.0
4393,4699.5
4394,3531.7
4395,1974.5
4396,2503.3
4397,3433.4
4398,2342.8
4399,5209.8
4400,3965.5
4401,6086.1
4402,2536.1
4403,2070.5
4404,2519.9
4405,2048.0
4406,3048.8
4407,1664.6
4408,4855.5
4409,3621.8
4410,3659.9
4411,2533.4
4412,3334.7
4413,1214.1
4414,4519.4
4415,2190.6
4416,1641.0
4417,5317.3
4418,2914.6
4419,1564.4
4420,5375.4
4421,2079.3
4422,7915.5
4423,5035.3
4424,2296.7
4425,1811.5
4426,3889.5
4427,3333.3
4428,3425.1
4429,5112.6
4430,2659.8
4431,3187.4
4432,2486.6
4433,5190.5
4434,2913.2
4435,3011.9
4436,5872.0
4437,4106.0
4438,1769.9
4439,3680.1
4440,2336.6
4441,3194.6
4442,7101.3
4443,2387.2
4444,3275.8
4445,3258.5
4446,3322.7
4447,3300.6
4448,3627.2
4449,4221.4
4450,2019.3
4451,5511.9
4452,1542.2
4453,3714.1
4454,2554.1
4455,3064.1
4456,2631.8
4457,3441.4
4458,4288.3
4459,5362.0
4460,4631.9
4461,2553.0
4462,2536.0
4463,3003.4
4464,2541.0
4465,2821.4
4466,2486.4
4467,3674.9
4468,2486.5
4469,6268.9
4470,3032.7
4471,1695.1
4472,2758.1
4473,6413.0
4474,3255.9
4475,3821.2
4476,1757.2
4477,2866.3
4478,3408.8
4479,4678.9
4480,4045.1
4481,3221.7
4482,4596.1
4483,2092.9
4484,3267.5
4485,2735.5
4486,2709.7
4487,3398.6
4488,1525.5
4489,2770.3
4490,4635.4
4491,1608.9
4492,5544.5
4493,3288.7
4494,2309.6
4495,6382.9
4496,2383.3
4497,2554.0
4498,2677.1
4499,3450.6
4500,1872.8
4501,5848.9
4502,6417.8
4503,3312.0
4504,4541.0
4505,4347.7
4506,5769.8
4507,4785.6
4508,2322.3
4509,2871.2
4510,3364.1
4511,1122.1
4512,3431.4
4513,3592.7
4514,2742.1
4515,3362.4
4516,1893.3
4517,2680.3
4518,3059.1
4519,3476.8
4520,5420.4
4521,2621.6
4522,5922.2
4523,2448.6
4524,1891.2
4525,3059.1
4526,3168.5
4527,5281.7
4528,5916.2
4529,3101.7
4530,3508.3
4531,2464.1
4532,4655.2
4533,2925.9
4534,3183.8
4535,6019.3
4536,4327.8
4537,5404.0
4538,3261.1
4539,2238.7
4540,2691.2
4541,2900.4
4542,4864.4
4543,2546.3
4544,6353.8
4545,5413.5
4546,3043.8
4547,2888.4
4548,7087.3
4549,5708.4
4550,2319.9
4551,4314.6
4552,3430.2
4553,2606.0
4554,5363.9
4555,2793.5
4556,4138.5
4557,2741.3
4558,1922.4
4559,2936.3
4560,4830.8
4561,4254.9
4562,2429.3
4563,3349.2
4564,4999.4
4565,4965.0
4566,2759.6
4567,3946.7
4568,2246.3
4569,6076.0
4570,2214.6
4571,2726.5
4572,2770.9
4573,4971.1
4574,3097.0
4575,2738.5
4576,2568.3
4577,5003.9
4578,2284.0
4579,2860.9
4580,2289.1
4581,1707.5
4582,2250.4
4583,1914.2
4584,3897.8
4585,2792.8
4586,2593.6
4587,4008.9
4588,3320.6
4589,5304.2
4590,3821.0
4591,4413.7
4592,5113.3
4593,4924.8
4594,3216.7
4595,2671.4
4596,2892.2
4597,2924.6
4598,3514.7
4599,2451.9
4600,2994.5
4601,7012.1
4602,3164.4
4603,3793.3
4604,3059.0
4605,3245.4
4606,6788.1
4607,9198.8
4608,7327.1
4609,2698.9
4610,3330.5
4611,3614.2
4612,6207.5
4613,4794.4
4614,2864.6
4615,4525.8
4616,3162.2
4617,2075.1
4618,3045.0
4619,2413.8
4620,4926.9
4621,1889.9
4622,5651.8
4623,2440.3
4624,2668.2
4625,2119.5
4626,3467.1
4627,2670.9
4628,2248.8
4629,5009.2
4630,3073.9
4631,4405.1
4632,1916.3
4633,2053.5
4634,2656.7
4635,3082.7
4636,3329.6
4637,2908.9
4638,2965.2
4639,2091.6
4640,4797.7
4641,5705.3
4642,3267.8
4643,4833.6
4644,6163.4
4645,2849.3
4646,4965.3
4647,2235.2
4648,5730.9
4649,3162.3
4650,7135.7
4651,2480.7
4652,3845.9
4653,3585.2
4654,2465.8
4655,4111.4
4656,6856.8
4657,2926.7
4658,5495.9
4659,2948.0
4660,3743.4
4661,2206.1
4662,2248.3
4663,3166.8
4664,3774.9
4665,3660.0
4666,3912.9
4667,1952.6
4668,5748.7
4669,1744.3
4670,3670.5
4671,1753.2
4672,3273.2
4673,2406.1
4674,5294.2
4675,2879.4
4676,2387.3
4677,2287.2
4678,4011.2
4679,5408.8
4680,2547.8
4681,2105.2
4682,5726.8
4683,2596.1
4684,2479.4
4685,5272.9
4686,3356.8
4687,3803.7
4688,2508.7
4689,2458.7
4690,3819.9
4691,4576.9
4692,1842.2
4693,5769.9
4694,4672.3
4695,1925.0
4696,4063.5
4697,2756.0
4698,4721.7
4699,3441.5
4700,3575.8
4701,2700.4
4702,4382.0
4703,1820.6
4704,3384.8
4705,3803.0
4706,6228.9
4707,3886.9
4708,4466.8
4709,2976.5
4710,2210.8
4711,2849.4
4712,8015.3
4713,1812.3
4714,4016.9
4715,6402.6
4716,3541.7
4717,2287.1
4718,3476.7
4719,7142.9
4720,2232.1
4721,2314.6
4722,3682.2
4723,1755.4
4724,3157.9
4725,8326.3
4726,3605.6
4727,2449.0
4728,3125.8
4729,3398.3
4730,2610.9
4731,2252.4
4732,3572.4
4733,3218.3
4734,4699.6
4735,5509.8
4736,2047.3
4737,2284.0
4738,1854.6
4739,1947.7
4740,2182.1
4741,1883.9
4742,1920.9
4743,4633.7
4744,3078.2
4745,3015.0
4746,5700.4
4747,4702.3
4748,2556.2
4749,2081.0
4750,2784.9
4751,2619.2
4752,3516.4
4753,3913.7
4754,2067.3
4755,2608.4
4756,2842.8
4757,2452.1
4758,1693.5
4759,3339.0
4760,3720.9
4761,5992.8
4762,2766.3
4763,3379.9
4764,4179.2
4765,4070.8
4766,4118.8
4767,7774.4
4768,4026.8
4769,4553.8
4770,1105.4
4771,5829.3
4772,3077.5
4773,1508.6
4774,4189.1
4775,2424.0
4776,2121.2
4777,3156.8
4778,3940.0
4779,2882.0
4780,2386.8
4781,4149.1
4782,2241.7
4783,6875.0
4784,2546.8
4785,3271.9
4786,4878.0
4787,2160.2
4788,2685.5
4789,5112.2
4790,2387.7
4791,2872.4
4792,2291.9
4793,2499.4
4794,4473.7
4795,2718.0
4796,2682.3
4797,3837.0
4798,2465.1
4799,1659.6
4800,2950.6
4801,2093.2
4802,2394.7
4803,5580.5
4804,2522.3
4805,6983.7
4806,4731.5
4807,2187.8
4808,7469.2
4809,2482.2
4810,3897.7
4811,2802.3
4812,2537.2
4813,4065.4
4814,2572.9
4815,4332.3
4816,4506.7
4817,3012.4
4818,2483.8
4819,3588.3
4820,3044.8
4821,3690.4
4822,3490.1
4823,4669.5
4824,4879.9
4825,2859.4
4826,5912.9
4827,3843.9
4828,1969.4
4829,2254.6
4830,5039.2
4831,3163.7
4832,1821.2
4833,3378.9
4834,4188.6
4835,2720.7
4836,3408.4
4837,2790.6
4838,2784.4
4839,7369.9
4840,3313.3
4841,2332.5
4842,3266.8
4843,2938.9
4844,2560.0
4845,2893.8
4846,4471.1
4847,2307.3
4848,2643.6
4849,4317.8
4850,4315.4
4851,4467.3
4852,3089.7
4853,3709.0
4854,2427.8
4855,3234.5
4856,2242.9
4857,1735.3
4858,2856.1
4859,6557.7
4860,4641.4
4861,2900.6
4862,2934.1
4863,2174.0
4864,3428.0
4865,2281.8
4866,3369.0
4867,2784.0
4868,3153.5
4869,4364.4
4870,3114.2
4871,2430.0
4872,5800.2
4873,2871.2
4874,2829.0
4875,3533.8
4876,2148.1
4877,3565.5
4878,1834.8
4879,2004.5
4880,3718.3
4881,2863.5
4882,3832.1
4883,1813.3
4884,2821.8
4885,4236.9
4886,2947.2
4887,3094.2
4888,4988.4
4889,3248.0
4890,2265.6
4891,3559.8
4892,2705.0
4893,2269.4
4894,3029.3
4895,2942.3
4896,3506.7
4897,5333.8
4898,5073.1
4899,2287.3
4900,2685.0
4901,2711.5
4902,2340.9
4903,2384.3
4904,1952.4
4905,6752.6
4906,5720.7
4907,2634.0
4908,2569.5
4909,2886.0
4910,4781.0
4911,6563.5
4912,2478.3
4913,2635.2
4914,2649.9
4915,2692.8
4916,2425.5
4917,2127.7
4918,2154.3
4919,3335.0
4920,4849.3
4921,6535.2
4922,2403.0
4923,2935.2
4924,2695.9
4925,1598.6
4926,2622.8
4927,2922.9
4928,3179.9
4929,3714.1
4930,3456.3
4931,3608.5
4932,2901.2
4933,3147.5
4934,2057.5
4935,1905.7
4936,6690.4
4937,3564.0
4938,2278.2
4939,2358.7
4940,3595.0
4941,2437.3
4942,4265.0
4943,4529.8
4944,2584.6
4945,3173.5
4946,4690.2
4947,2581.9
4948,3302.7
4949,5782.8
4950,4722.4
4951,3699.7
4952,2271.8
4953,1603.7
4954,2952.1
4955,1850.7
4956,2623.7
4957,5284.9
4958,2405.4
4959,3406.3
4960,2446.3
4961,3521.3
4962,2315.7
4963,1940.8
4964,2472.8
4965,2017.1
4966,2464.5
4967,2729.8
4968,3213.7
4969,3176.0
4970,2519.8
4971,2736.3
4972,2453.0
4973,3181.7
4974,4689.0
4975,6927.4
4976,3518.6
4977,4348.7
4978,3355.6
4979,3601.8
4980,5406.1
4981,2831.5
4982,2861.4
4983,5917.8
4984,3155.1
4985,2540.7
4986,2372.5
4987,3459.4
4988,3238.0
4989,2633.6
4990,3230.1
4991,2766.4
4992,2719.2
4993,2681.0
4994,3279.7
4995,1782.9
4996,4390.3
4997,2170.2
4998,2623.5
4999,2147.8
5000,2928.1
5001,2973.1
5002,3627.7
5003,3747.6
5004,2620.2
5005,6139.2
5006,2193.8
5007,1753.9
5008,2617.0
5009,3026.8
5010,5421.6
5011,4283.1
5012,3358.9
5013,2107.8
5014,3613.7
5015,5502.6
5016,5243.8
5017,2283.0
5018,5574.0
5019,2421.5
5020,3534.6
5021,3309.6
5022,3180.0
5023,5653.9
5024,5175.4
5025,3106.2
5026,4449.6
5027,2320.1
5028,4603.5
5029,2859.9
5030,2252.0
5031,2996.6
5032,5276.3
5033,15942.7
5034,2587.3
5035,2548.4
5036,5112.7
5037,2911.3
5038,2245.2
5039,2534.9
5040,2107.3
5041,3641.1
5042,2740.0
5043,2662.3
5044,4292.2
5045,5324.2
5046,2644.8
5047,1994.0
5048,2497.3
5049,6073.1
5050,5508.6
5051,4755.2
5052,2054.7
5053,2288.8
5054,3839.9
5055,3164.4
5056,4122.8
5057,4923.5
5058,2148.1
5059,3679.3
5060,3369.0
5061,2717.2
5062,6334.5
5063,2547.9
5064,2359.8
5065,3078.8
5066,1926.4
5067,2049.9
5068,3363.5
5069,4913.5
5070,3677.3
5071,4665.0
5072,2291.3
5073,2345.3
5074,4117.0
5075,2553.2
5076,2194.3
5077,5382.7
5078,3519.2
5079,2838.7
5080,4176.9
5081,2134.7
5082,3230.5
5083,2706.8
5084,3708.3
5085,2028.1
5086,5491.0
5087,4056.2
5088,3156.6
5089,3040.7
5090,4080.6
5091,3407.1
5092,4958.9
5093,4816.3
5094,1770.9
5095,6761.2
5096,3567.0
5097,2512.6
5098,4161.7
5099,3258.5
5100,5224.4
5101,6663.2
5102,2598.6
5103,2968.1
5104,3913.9
5105,5091.5
5106,3717.4
5107,6982.7
5108,3926.6
5109,2306.5
5110,4976.8
5111,2320.5
5112,4161.9
5113,3724.1
5114,3444.4
5115,3522.4
5116,4598.0
5117,2539.0
5118,2369.7
5119,2473.3
5120,3668.8
5121,2875.3
5122,6362.6
5123,1852.0
5124,2493.3
5125,2968.9
5126,1574.5
5127,2920.7
5128,6309.5
5129,3421.7
5130,5616.7
5131,2211.2
5132,1817.8
5133,3319.1
5134,3979.3
5135,2933.6
5136,2783.5
5137,3285.2
5138,3058.9
5139,6032.3
5140,5426.9
5141,5990.0
5142,4742.9
5143,2350.8
5144,2125.2
5145,4690.9
5146,7755.8
5147,2702.3
5148,3238.1
5149,2591.5
5150,2702.2
5151,4355.8
5152,2239.8
5153,5391.7
5154,3039.4
5155,2987.2
5156,3930.0
5157,3583.2
5158,3698.2
5159,3728.6
5160,4899.2
5161,2938.9
5162,1887.8
5163,2389.1
5164,5779.7
5165,4248.4
5166,4684.9
5167,2786.8
5168,2826.5
5169,2718.6
5170,5480.3
5171,5584.5
5172,3067.7
5173,3264.9
5174,2467.4
5175,2498.3
5176,3311.5
5177,1974.5
5178,2941.8
5179,3135.1
5180,4009.8
5181,5399.8
5182,2605.4
5183,4442.1
5184,2026.1
5185,1736.5
5186,6426.9
5187,1516.6
5188,3492.5
5189,2632.6
5190,3397.5
5191,2513.2
5192,2365.3
5193,1927.8
5194,2119.3
5195,3956.9
5196,1951.4
5197,3498.6
5198,2117.8
5199,1846.2
5200,2364.7
5201,7285.6
5202,4304.9
5203,2336.9
5204,2547.1
5205,2556.0
5206,3266.5
5207,3650.4
5208,2730.7
5209,2929.8
5210,1781.3
5211,3989.8
5212,2400.4
5213,2702.2
5214,2803.9
5215,2991.2
5216,2767.6
5217,6679.4
5218,3918.7
5219,3765.0
5220,3832.1
5221,4821.7
5222,2143.4
5223,2678.6
5224,1911.0
5225,3641.7
5226,1844.1
5227,3085.2
5228,2871.1
5229,2448.1
5230,2262.4
5231,3365.8
5232,2612.4
5233,2574.8
5234,3538.6
5235,3598.1
5236,4379.3
5237,2609.6
5238,3063.8
5239,2886.1
5240,3637.0
5241,3236.3
5242,3389.4
5243,3630.7
5244,3418.5
5245,2286.3
5246,2286.0
5247,4144.4
5248,4211.9
5249,4838.8
5250,1981.3
5251,2734.3
5252,3801.2
5253,2712.6
5254,4096.3
5255,1423.7
5256,3478.2
5257,3043.7
5258,3479.2
5259,3246.0
5260,3522.8
5261,3551.6
5262,1565.4
5263,3607.9
5264,5022.4
5265,4469.8
5266,4389.9
5267,3787.7
5268,2543.5
5269,2329.7
5270,3357.5
5271,2611.1
5272,2138.3
5273,3032.4
5274,2933.9
5275,1790.9
5276,2642.0
5277,6972.5
5278,3331.6
5279,2125.4
5280,4627.0
5281,3429.4
5282,2208.8
5283,3975.2
5284,6106.0
5285,2072.5
5286,2811.1
5287,5234.6
5288,3139.5
5289,3816.1
5290,2446.9
5291,3007.9
5292,3355.2
5293,3184.0
5294,3358.1
5295,3804.9
5296,3448.0
5297,3688.7
5298,4803.3
5299,5664.0
5300,2850.3
5301,3624.9
5302,6380.1
5303,2085.4
5304,2162.9
5305,3602.2
5306,1583.4
5307,4798.7
5308,1780.9
5309,3234.9
5310,4707.8
5311,3072.4
5312,2705.7
5313,2252.3
5314,5113.0
5315,4401.9
5316,3443.2
5317,5078.1
5318,6040.6
5319,4198.9
5320,3993.0
5321,2730.4
5322,2644.6
5323,2584.2
5324,3562.9
5325,3752.6
5326,4922.2
5327,3606.2
5328,2855.5
5329,3465.7
5330,3095.1
5331,3738.8
5332,7138.9
5333,2151.7
5334,2560.2
5335,2654.3
5336,1820.6
5337,7369.6
5338,5953.0
5339,2144.0
5340,3203.2
5341,2998.1
5342,4098.2
5343,5828.2
5344,2183.0
5345,2081.0
5346,4131.4
5347,5343.3
5348,2521.6
5349,5299.9
5350,3080.5
5351,6230.8
5352,3481.4
5353,6252.9
5354,3351.4
5355,2658.7
5356,6306.9
5357,2404.4
5358,1913.8
5359,1991.2
5360,3867.6
5361,4465.9
5362,2665.6
5363,4684.1
5364,3358.6
5365,3341.4
5366,2925.2
5367,3640.6
5368,3249.3
5369,2873.7
5370,3086.7
5371,3066.4
5372,3138.1
5373,3118.8
5374,4146.7
5375,3357.5
5376,2186.3
5377,2559.3
5378,2323.5
5379,5436.3
5380,2981.3
5381,3255.1
5382,2968.5
5383,2410.9
5384,3185.5
5385,3701.2
5386,3945.0
5387,2829.8
5388,5350.0
5389,3221.7
5390,4942.3
5391,4172.0
5392,2099.7
5393,3836.7
5394,3699.4
5395,2655.7
5396,4558.5
5397,2553.6
5398,2329.1
5399,2598.0
5400,3387.3
5401,4379.9
5402,2522.0
5403,6110.6
5404,3959.2
5405,4140.8
5406,3682.1
5407,2832.4
5408,3512.0
5409,2061.2
5410,2659.1
5411,2301.2
5412,2782.3
5413,6110.7
5414,2994.2
5415,4683.5
5416,3199.4
5417,3132.4
5418,2484.1
5419,6336.1
5420,2614.7
5421,2729.6
5422,5855.0
5423,4157.9
5424,4251.0
5425,2255.3
5426,5131.1
5427,2934.7
5428,2484.2
5429,6404.1
5430,5102.2
5431,2278.6
5432,2980.4
5433,2353.8
5434,3075.8
5435,3166.2
5436,2054.4
5437,2667.2
5438,2543.3
5439,3298.2
5440,6068.9
5441,2141.2
5442,2614.4
5443,2301.0
5444,3665.4
5445,3347.7
5446,3343.1
5447,2546.9
5448,2700.4
5449,2407.3
5450,3199.2
5451,4183.7
5452,3619.8
5453,3100.1
5454,4921.3
5455,3197.5
5456,2388.1
5457,3787.7
5458,7245.1
5459,4127.4
5460,2255.6
5461,2390.8
5462,1792.9
5463,5047.9
5464,2826.5
5465,1686.4
5466,5011.8
5467,2571.8
5468,2940.5
5469,3086.1
5470,3683.4
5471,3812.0
5472,5203.0
5473,2715.8
5474,3616.0
5475,3418.6
5476,3241.0
5477,2714.9
5478,3063.7
5479,2269.1
5480,5249.2
5481,5189.3
5482,4152.6
5483,2544.7
5484,2557.5
5485,3024.4
5486,2158.7
5487,3171.3
5488,2955.9
5489,1802.8
5490,2915.5
5491,1990.1
5492,3209.6
5493,3365.2
5494,2212.0
5495,1918.6
5496,3546.7
5497,1779.4
5498,2861.3
5499,3700.9
5500,3123.5
5501,3199.6
5502,2272.9
5503,3226.3
5504,2935.5
5505,2944.9
5506,3668.4
5507,3176.0
5508,7317.5
5509,3508.6
5510,2432.3
5511,2520.3
5512,6010.3
5513,2747.6
5514,2923.8
5515,2464.4
5516,1380.3
5517,5367.7
5518,2546.7
5519,3470.3
5520,7161.5
5521,4189.6
5522,1838.3
5523,4455.2
5524,4236.7
5525,2739.0
5526,4513.9
5527,5591.9
5528,2933.0
5529,3423.1
5530,4453.8
5531,3751.7
5532,3682.9
5533,2915.0
5534,5734.4
5535,3500.1
5536,3545.3
5537,1463.9
5538,3396.1
5539,3458.2
5540,2238.9
5541,3627.4
5542,5983.7
5543,4200.9
5544,5368.5
5545,3550.7
5546,4078.1
5547,3001.6
5548,2755.9
5549,3333.7
5550,1842.4
5551,1428.5
5552,3148.6
5553,2582.6
5554,2011.2
5555,3735.8
5556,3666.6
5557,4650.1
5558,2354.4
5559,3013.7
5560,2853.6
5561,2061.0
5562,2953.0
5563,5983.9
5564,1748.8
5565,6418.7
5566,2969.5
5567,5851.5
5568,2547.0
5569,2514.3
5570,2574.8
5571,2857.1
5572,1804.3
5573,2299.4
5574,2478.7
5575,5639.7
5576,5580.9
5577,4481.5
5578,4231.8
5579,1675.7
5580,2098.7
5581,2390.5
5582,3362.6
5583,5669.0
5584,3907.1
5585,2034.3
5586,1680.5
5587,1829.9
5588,2532.1
5589,1342.2
5590,6625.6
5591,2508.9
5592,2200.8
5593,7370.7
5594,2487.0
5595,2793.3
5596,2398.0
5597,3091.2
5598,2799.0
5599,4419.6
5600,5036.9
5601,2053.4
5602,2114.7
5603,2354.7
5604,1600.7
5605,3066.7
5606,2905.2
5607,1836.1
5608,3299.9
5609,6575.9
5610,6177.6
5611,2926.1
5612,3055.8
5613,5548.4
5614,3487.6
5615,3031.9
5616,2761.9
5617,4214.9
5618,1918.5
5619,2996.2
5620,1610.6
5621,4051.4
5622,6810.6
5623,2492.7
5624,3862.9
5625,1774.5
5626,2393.8
5627,2266.6
5628,5154.3
5629,5492.9
5630,3742.0
5631,2777.4
5632,2179.6
5633,3748.3
5634,4119.6
5635,2688.3
5636,2489.5
5637,2987.4
5638,3325.6
5639,2224.8
5640,3431.1
5641,3852.7
5642,2191.6
5643,2468.2
5644,6833.2
5645,3079.4
5646,2517.1
5647,3387.5
5648,2379.8
5649,3429.3
5650,2373.5
5651,2693.2
5652,2956.9
5653,2948.7
5654,2788.0
5655,2066.6
5656,3575.6
5657,5487.5
5658,2467.6
5659,3092.4
5660,4025.0
5661,3160.8
5662,1842.0
5663,2353.2
5664,1846.7
5665,3285.5
5666,3464.6
5667,3500.7
5668,2636.0
5669,4061.7
5670,3014.1
5671,2083.4
5672,5436.8
5673,2853.1
5674,5163.6
5675,2114.7
5676,3849.5
5677,8189.8
5678,5102.4
5679,3154.4
5680,6322.8
5681,3569.2
5682,5367.2
5683,5338.4
5684,2413.6
5685,2855.2
5686,3593.4
5687,2393.6
5688,1750.9
5689,2568.1
5690,3872.4
5691,2267.8
5692,3491.8
5693,2793.0
5694,3936.5
5695,3140.5
5696,3578.2
5697,2911.1
5698,2785.3
5699,4304.9
5700,2589.9
5701,6073.5
5702,2477.3
5703,1853.7
5704,3086.1
5705,3844.7
5706,3707.7
5707,2718.3
5708,2420.1
5709,3595.7
5710,6006.4
5711,5426.4
5712,2831.3
5713,2002.8
5714,4220.3
5715,3371.7
5716,5959.1
5717,4626.1
5718,2762.6
5719,2508.0
5720,2163.5
5721,2901.6
5722,2122.6
5723,6167.3
5724,1554.4
5725,6060.3
5726,3930.6
5727,7659.6
5728,2888.9
5729,3347.7
5730,3465.8
5731,4359.7
5732,3659.6
5733,2081.6
5734,3240.6
5735,3530.3
5736,1551.4
5737,2691.0
5738,3574.9
5739,2575.9
5740,3549.7
5741,1280.2
5742,3370.0
5743,4697.6
5744,4198.8
5745,5877.3
5746,4036.3
5747,4287.4
5748,2626.8
5749,2852.9
5750,4204.8
5751,2452.5
5752,3576.0
5753,3484.2
5754,4683.7
5755,5506.8
5756,3519.0
5757,5319.6
5758,2398.1
5759,1745.3
5760,1338.8
5761,2671.8
5762,3020.9
5763,2992.8
5764,3315.4
5765,2771.0
5766,3268.3
5767,2585.6
5768,6409.2
5769,3773.2
5770,5754.5
5771,4937.5
5772,2387.6
5773,3011.8
5774,5546.0
5775,2419.1
5776,2583.8
5777,3110.9
5778,2945.7
5779,3212.8
5780,3252.5
5781,7172.5
5782,2532.7
5783,2666.3
5784,2471.8
5785,3972.0
5786,5373.4
5787,2735.3
5788,3673.9
5789,3478.0
5790,3620.1
5791,3191.3
5792,3919.4
5793,2060.2
5794,4788.9
5795,3052.5
5796,4310.3
5797,3669.1
5798,3629.8
5799,3054.2
5800,3664.0
5801,2204.8
5802,4024.4
5803,5879.2
5804,3513.7
5805,4676.7
5806,3517.8
5807,2705.1
5808,2241.2
5809,2252.6
5810,2498.0
5811,4023.7
5812,3229.5
5813,3934.5
5814,4945.9
5815,3092.3
5816,3611.9
5817,6049.8
5818,2007.3
5819,3132.7
5820,2720.4
5821,4332.2
5822,2561.1
5823,2746.4
5824,6466.7
5825,2878.2
5826,4363.0
5827,3712.2
5828,3863.6
5829,2709.1
5830,1701.1
5831,2315.0
5832,3291.7
5833,3763.2
5834,4859.5
5835,3423.5
5836,5568.7
5837,3557.3
5838,2794.7
5839,3055.0
5840,3964.0
5841,2508.8
5842,3067.0
5843,4399.0
5844,3491.1
5845,2546.8
5846,1574.1
5847,2161.7
5848,3927.6
5849,4059.3
5850,4105.0
5851,3031.1
5852,4974.1
5853,3110.8
5854,4072.9
5855,6745.1
5856,3198.4
5857,3671.8
5858,2873.7
5859,2930.2
5860,2443.0
5861,3371.5
5862,2763.2
5863,3229.5
5864,2386.1
5865,2884.1
5866,3211.0
5867,3454.3
5868,3065.1
5869,4131.4
5870,2413.4
5871,4548.8
5872,5508.8
5873,3254.8
5874,2164.4
5875,2858.3
5876,3353.5
5877,2820.5
5878,3004.7
5879,2902.5
5880,6686.1
5881,3402.0
5882,3089.2
5883,3387.6
5884,3065.8
5885,3485.2
5886,2586.2
5887,1750.1
5888,2237.4
5889,3710.9
5890,3256.8
5891,2527.9
5892,2691.1
5893,2663.6
5894,2762.5
5895,3719.9
5896,4307.3
5897,2365.5
5898,4203.9
5899,3432.3
5900,1978.9
5901,2906.5
5902,6156.4
5903,3725.6
5904,3280.2
5905,5285.1
5906,2262.2
5907,3050.5
5908,1499.3
5909,2961.4
5910,2346.1
5911,4092.2
5912,7867.4
5913,2941.7
5914,2681.7
5915,2219.4
5916,3478.4
5917,3073.2
5918,4843.6
5919,3491.6
5920,1813.1
5921,3841.8
5922,2665.2
5923,3107.7
5924,4319.9
5925,3117.7
5926,3293.0
5927,6110.6
5928,2910.1
5929,2624.0
5930,3511.8
5931,4155.5
5932,2888.2
5933,3190.6
5934,2380.1
5935,3413.1
5936,2685.9
5937,2763.6
5938,4330.2
5939,3546.1
5940,3471.4
5941,1854.0
5942,4821.5
5943,4242.4
5944,4791.3
5945,5668.6
5946,2457.5
5947,2071.3
5948,2967.5
5949,2699.0
5950,4901.2
5951,3042.1
5952,3073.4
5953,3044.1
5954,6809.7
5955,4081.7
5956,3016.5
5957,5124.8
5958,4423.9
5959,2510.2
5960,3714.6
5961,2905.3
5962,3257.4
5963,1919.7
5964,5934.6
5965,2794.1
5966,3042.1
5967,2831.6
5968,2602.2
5969,1742.1
5970,1874.4
5971,4164.5
5972,13863.6
5973,5209.2
5974,2874.5
5975,1986.9
5976,2339.8
5977,2129.3
5978,3623.5
5979,5425.7
5980,2801.9
5981,3603.2
5982,3449.7
5983,3977.1
5984,2945.0
5985,3453.5
5986,4215.5
5987,3190.1
5988,3579.8
5989,4079.8
5990,2787.9
5991,3387.7
5992,3698.7
5993,2363.1
5994,2290.7
5995,2491.8
5996,3503.8
5997,6081.2
5998,2262.6
5999,2299.2
6000,2246.1
6001,4415.3
6002,1943.9
6003,4206.1
6004,3899.7
6005,2179.1
6006,3220.2
6007,2548.0
6008,2238.7
6009,2423.4
6010,2944.4
6011,5074.1
6012,3597.5
6013,3647.0
6014,1401.4
6015,5813.5
6016,3841.8
6017,2448.5
6018,2482.6
6019,2701.8
6020,3660.7
6021,3238.3
6022,2630.9
6023,2833.5
6024,2441.6
6025,4331.8
6026,3043.8
6027,2882.0
6028,5300.2
6029,3407.8
6030,3328.5
6031,2609.4
6032,3904.5
6033,4602.0
6034,2422.9
6035,3955.2
6036,2367.8
6037,7020.8
6038,4004.0
6039,2260.5
6040,4597.4
6041,2536.2
6042,2352.3
6043,3071.7
6044,2607.8
6045,2505.5
6046,2518.6
6047,1937.7
6048,3105.3
6049,3348.3
6050,2903.6
6051,3017.2
6052,2243.9
6053,4818.8
6054,3245.3
6055,4974.4
6056,4247.2
6057,3667.8
6058,3214.4
6059,3202.8
6060,3947.2
6061,2909.8
6062,3046.7
6063,2855.5
6064,3767.1
6065,1909.3
6066,1743.9
6067,4031.6
6068,4753.0
6069,2296.3
6070,4053.2
6071,2111.9
6072,2917.5
6073,3328.1
6074,1879.2
6075,2323.1
6076,3763.3
6077,3309.4
6078,3243.1
6079,5951.1
6080,4745.2
6081,2631.0
6082,3375.5
6083,4225.4
6084,4169.5
6085,2531.6
6086,4390.9
6087,3288.3
6088,6627.4
6089,1724.8
6090,1957.2
6091,4318.9
6092,5045.0
6093,5876.4
6094,2681.7
6095,2536.3
6096,2526.3
6097,3744.6
6098,3953.1
6099,5354.4
6100,4840.0
6101,2581.1
6102,3236.0
6103,2559.5
6104,2697.6
6105,2672.1
6106,2779.9
6107,2357.6
6108,4267.6
6109,4964.0
6110,2810.7
6111,2929.6
6112,2156.5
6113,2378.8
6114,5487.4
6115,3695.1
6116,3559.9
6117,3056.6
6118,3016.8
6119,4793.2
6120,3034.0
6121,2078.8
6122,2415.8
6123,3515.4
6124,4937.8
6125,5233.2
6126,2548.0
6127,3622.5
6128,2461.5
6129,3274.2
6130,2306.5
6131,3091.3
6132,3474.3
6133,4724.1
6134,3378.3
6135,5020.1
6136,3463.6
6137,4268.5
6138,5517.9
6139,2510.9
6140,3808.0
6141,2127.7
6142,2674.4
6143,4279.1
6144,2144.4
6145,1608.1
6146,4647.2
6147,3580.9
6148,4009.4
6149,6351.1
6150,3797.5
6151,3074.8
6152,3730.5
6153,2866.1
6154,4652.8
6155,3256.2
6156,2789.0
6157,3008.6
6158,4587.2
6159,2231.3
6160,2698.6
6161,3190.6
6162,4852.2
6163,3779.3
6164,2718.7
6165,3743.5
6166,3600.5
6167,4484.2
6168,2163.1
6169,1926.9
6170,4437.9
6171,1708.3
6172,5430.6
6173,2422.8
6174,2496.6
6175,2453.1
6176,3155.6
6177,2807.9
6178,3475.4
6179,6771.3
6180,3363.5
6181,1818.4
6182,2143.1
6183,1681.0
6184,3097.3
6185,4088.3
6186,1813.5
6187,4018.0
6188,3577.1
6189,3215.2
6190,3003.9
6191,4450.3
6192,1053.0
6193,5712.4
6194,3624.3
6195,2314.9
6196,5697.0
6197,2906.2
6198,3063.5
6199,2705.4
6200,4373.9
6201,3450.8
6202,2412.0
6203,2187.0
6204,3179.3
6205,2728.8
6206,3138.7
6207,3293.9
6208,3629.8
6209,3123.9
6210,3514.4
6211,2534.4
6212,2408.7
6213,3851.9
6214,2541.8
6215,3671.2
6216,4401.5
6217,4739.3
6218,3498.0
6219,2490.0
6220,4574.4
6221,2687.3
6222,3494.8
6223,3183.6
6224,2572.5
6225,2818.2
6226,2451.2
6227,3203.4
6228,2954.4
6229,2953.5
6230,6049.8
6231,4156.2
6232,3219.5
6233,2194.9
6234,2175.5
6235,2913.5
6236,3656.8
6237,2511.0
6238,5507.9
6239,3040.5
6240,4534.1
6241,3318.2
6242,5656.4
6243,4016.9
6244,2469.1
6245,2429.4
6246,3107.5
6247,2450.3
6248,2807.8
6249,4555.6
6250,4821.4
6251,1938.5
6252,3712.6
6253,2804.5
6254,1962.1
6255,3728.3
6256,1848.8
6257,1991.6
6258,4933.6
6259,1618.6
6260,3689.0
6261,2356.8
6262,4318.8
6263,2311.0
6264,1851.9
6265,2208.4
6266,5507.8
6267,7227.9
6268,3340.8
6269,2321.1
6270,3420.0
6271,2456.6
6272,3801.8
6273,2301.8
6274,3959.7
6275,2544.0
6276,2359.6
6277,6657.1
6278,2139.7
6279,3702.0
6280,2333.7
6281,1950.2
6282,3247.8
6283,1947.8
6284,2629.3
6285,2649.0
6286,1225.5
6287,4126.3
6288,2587.8
6289,2160.3
6290,6134.5
6291,2519.9
6292,5018.7
6293,2026.5
6294,5961.1
6295,1770.2
6296,2681.9
6297,3637.5
6298,3178.3
6299,3291.8
6300,2175.7
6301,6305.0
6302,1045.2
6303,4081.7
6304,3705.9
6305,3416.0
6306,2967.7
6307,3504.3
6308,3377.2
6309,3708.0
6310,8552.2
6311,3325.0
6312,3075.8
6313,3487.0
6314,2258.5
6315,2355.1
6316,3152.6
6317,2311.1
6318,3867.6
6319,3033.4
6320,4728.1
6321,2308.5
6322,2571.2
6323,3973.0
6324,3138.5
6325,3405.2
6326,4900.5
6327,1960.5
6328,2503.4
6329,4248.2
6330,6251.5
6331,2142.7
6332,3307.8
6333,3295.1
6334,2214.9
6335,2720.1
6336,5659.0
6337,1653.1
6338,2667.0
6339,2670.9
6340,3287.1
6341,3565.0
6342,3552.7
6343,2819.6
6344,3723.6
6345,7170.4
6346,3454.1
6347,2223.6
6348,3408.8
6349,1952.5
6350,2316.4
6351,2999.2
6352,5152.6
6353,4219.2
6354,1627.6
6355,2626.7
6356,5569.5
6357,2688.8
6358,2102.6
6359,2071.2
6360,4273.8
6361,3955.7
6362,4361.7
6363,2629.8
6364,2357.5
6365,2339.0
6366,2764.6
6367,2926.0
6368,4640.9
6369,5010.7
6370,2359.0
6371,2572.9
6372,3346.3
6373,3622.5
6374,3369.0
6375,3776.4
6376,2575.8
6377,3545.2
6378,5901.2
6379,6499.6
6380,3452.0
6381,5519.9
6382,4820.7
6383,2120.2
6384,2541.8
6385,5394.8
6386,3754.8
6387,1915.8
6388,2443.0
6389,2700.4
6390,1089.1
6391,4858.2
6392,3804.0
6393,2889.0
6394,2387.9
6395,4244.9
6396,2641.8
6397,5599.6
6398,2821.4
6399,2495.9
6400,2413.3
6401,3066.4
6402,2230.2
6403,3157.7
6404,6710.2
6405,2631.9
6406,3090.9
6407,2801.3
6408,7606.8
6409,4894.0
6410,2616.4
6411,2748.6
6412,3764.0
6413,2093.5
6414,1677.5
6415,2698.4
6416,2819.6
6417,2956.1
6418,4603.5
6419,5057.1
6420,4207.2
6421,2626.0
6422,4832.6
6423,2802.2
6424,3106.0
6425,2702.0
6426,3030.6
6427,4040.1
6428,3886.7
6429,1750.6
6430,2311.2
6431,2428.0
6432,2666.4
6433,3861.8
6434,5896.6
6435,4925.6
6436,5800.4
6437,3610.5
6438,1762.8
6439,2355.4
6440,3887.9
6441,3424.0
6442,2389.9
6443,3637.2
6444,2815.6
6445,2479.2
6446,3296.6
6447,3340.3
6448,3077.7
6449,3022.7
6450,3373.1
6451,5532.9
6452,3647.3
6453,2268.2
6454,1508.0
6455,1376.6
6456,5146.4
6457,3747.3
6458,2966.3
6459,2741.2
6460,2542.5
6461,3009.3
6462,5084.1
6463,1300.9
6464,2500.5
6465,3321.0
6466,2250.4
6467,2887.2
6468,2636.6
6469,2518.4
6470,4314.5
6471,3208.7
6472,3388.8
6473,5646.0
6474,3065.9
6475,3904.7
6476,2033.3
6477,3745.9
6478,2266.1
6479,5391.2
6480,3330.0
6481,4986.9
6482,2822.0
6483,3944.5
6484,2997.8
6485,7951.8
6486,2326.8
6487,3021.5
6488,1883.5
6489,2481.6
6490,3215.9
6491,4145.2
6492,2413.2
6493,3652.6
6494,3362.3
6495,2286.9
6496,3117.1
6497,2786.4
6498,3667.1
6499,1906.8
6500,6237.8
6501,3365.5
6502,5356.0
6503,2951.0
6504,4484.2
6505,2848.7
6506,2069.9
6507,5257.2
6508,2950.4
6509,1790.6
6510,2529.4
6511,1996.1
6512,2490.7
6513,4457.4
6514,2690.0
6515,1684.8
6516,2416.4
6517,6651.5
6518,2250.9
6519,4831.5
6520,2131.9
6521,2908.8
6522,6624.9
6523,3194.6
6524,3041.2
6525,2763.6
6526,3156.6
6527,4375.9
6528,3664.5
6529,3085.5
6530,3680.2
6531,5564.2
6532,3789.0
6533,2026.9
6534,2923.6
6535,3460.1
6536,2198.4
6537,4802.0
6538,1946.2
6539,3950.4
6540,3784.7
6541,3830.9
6542,4904.5
6543,6012.5
6544,2569.7
6545,4674.7
6546,2498.6
6547,3442.6
6548,3771.7
6549,2413.7
6550,3127.0
6551,5265.3
6552,2908.2
6553,4581.6
6554,3449.6
6555,4194.9
6556,3770.5
6557,4947.1
6558,2526.3
6559,4765.0
6560,2860.1
6561,3428.2
6562,5434.2
6563,4258.2
6564,3169.4
6565,2388.1
6566,3235.2
6567,2853.3
6568,2586.0
6569,4589.7
6570,5714.2
6571,5397.3
6572,4821.5
6573,3447.4
6574,2194.5
6575,1680.6
6576,3821.7
6577,2318.0
6578,4164.2
6579,3656.1
6580,2936.3
6581,3406.1
6582,2580.9
6583,4304.6
6584,2137.5
6585,8939.2
6586,2355.1
6587,2992.6
6588,1820.3
6589,2499.7
6590,2731.7
6591,3819.9
6592,5819.2
6593,3419.8
6594,2418.1
6595,3251.3
6596,3652.8
6597,2597.2
6598,5184.9
6599,2404.2
6600,3315.9
6601,4774.0
6602,4759.2
6603,2798.8
6604,2624.0
6605,2540.2
6606,2017.9
6607,4948.5
6608,4693.0
6609,6398.5
6610,4598.1
6611,3030.1
6612,4463.8
6613,5121.7
6614,3002.0
6615,2194.8
6616,3971.2
6617,4707.2
6618,1665.7
6619,5347.7
6620,3904.0
6621,2447.5
6622,4535.2
6623,5588.0
6624,3472.9
6625,2208.1
6626,3397.7
6627,1945.4
6628,3289.8
6629,5624.4
6630,1827.8
6631,2801.8
6632,5320.5
6633,2317.5
6634,2136.4
6635,1573.0
6636,4896.1
6637,2251.0
6638,3313.2
6639,4243.3
6640,2764.9
6641,3611.9
6642,3729.0
6643,1806.0
6644,2615.1
6645,2941.0
6646,3303.4
6647,2118.5
6648,4553.7
6649,2271.7
6650,4067.0
6651,6207.5
6652,3102.1
6653,4239.2
6654,3856.1
6655,2712.8
6656,2287.8
6657,2149.8
6658,1877.7
6659,2708.6
6660,2421.0
6661,2380.4
6662,4161.6
6663,4122.7
6664,5198.6
6665,5992.5
6666,2192.3
6667,3244.7
6668,2297.6
6669,4918.6
6670,3224.4
6671,3884.2
6672,2812.0
6673,3445.1
6674,2196.1
6675,7187.1
6676,3136.2
6677,2641.3
6678,3531.9
6679,2616.4
6680,3392.3
6681,3021.1
6682,3444.3
6683,2379.8
6684,2040.8
6685,2839.4
6686,1734.7
6687,2655.6
6688,3122.6
6689,3739.2
6690,2844.0
6691,1971.7
6692,5653.4
6693,6013.4
6694,3668.9
6695,3532.6
6696,2386.6
6697,3028.0
6698,2946.0
6699,5578.8
6700,2832.6
6701,2742.8
6702,3978.8
6703,5981.5
6704,4122.6
6705,6040.7
6706,2593.0
6707,3056.8
6708,2646.8
6709,2976.5
6710,3139.1
6711,2754.8
6712,2406.5
6713,2550.8
6714,2641.6
6715,2194.7
6716,2833.6
6717,3757.0
6718,3060.9
6719,3304.9
6720,2855.9
6721,4688.9
6722,4961.3
6723,2035.4
6724,3025.9
6725,3166.0
6726,4859.6
6727,2498.6
6728,2477.7
6729,6308.5
6730,2018.9
6731,2403.4
6732,1813.5
6733,2069.9
6734,3420.5
6735,3819.9
6736,2679.7
6737,4363.1
6738,6228.5
6739,3451.4
6740,2371.4
6741,5020.6
6742,2318.6
6743,5185.5
6744,3750.7
6745,2437.5
6746,6848.4
6747,3926.5
6748,1901.9
6749,2409.3
6750,2544.9
6751,2656.8
6752,2342.3
6753,3739.1
6754,3492.8
6755,4259.7
6756,3056.5
6757,1351.9
6758,3390.9
6759,3236.4
6760,5008.9
6761,2375.5
6762,4011.4
6763,2585.0
6764,1761.0
6765,1996.5
6766,2256.9
6767,2743.7
6768,2966.8
6769,4126.8
6770,1945.4
6771,3207.5
6772,1755.7
6773,3397.7
6774,2267.7
6775,6702.3
6776,3449.0
6777,2355.5
6778,2619.9
6779,3903.9
6780,2552.8
6781,4741.0
6782,3279.0
6783,3229.9
6784,2808.3
6785,2400.8
6786,3605.3
6787,3907.1
6788,3608.4
6789,1848.4
6790,4342.9
6791,4114.6
6792,3187.5
6793,2467.7
6794,4797.7
6795,3935.5
6796,2707.0
6797,3713.1
6798,5948.1
6799,1902.6
6800,2600.2
6801,3075.0
6802,4783.2
6803,2848.4
6804,3987.5
6805,3629.6
6806,2147.2
6807,4727.8
6808,3665.5
6809,3411.5
6810,5429.4
6811,2689.4
6812,2804.4
6813,2236.7
6814,2461.6
6815,3283.8
6816,2409.6
6817,2608.7
6818,2280.7
6819,2436.2
6820,5030.3
6821,5033.7
6822,3050.3
6823,3766.9
6824,3078.9
6825,4346.0
6826,3419.4
6827,3442.4
6828,5365.2
6829,3071.3
6830,3058.0
6831,2188.2
6832,2776.7
6833,2359.7
6834,902.9
6835,4310.0
6836,2621.1
6837,3200.4
6838,4780.7
6839,4028.7
6840,5657.0
6841,4134.5
6842,4300.1
6843,2392.2
6844,3224.7
6845,2799.0
6846,4770.3
6847,2391.8
6848,2904.6
6849,3420.8
6850,2779.4
6851,1888.1
6852,3133.0
6853,4020.0
6854,2834.4
6855,3227.8
6856,1632.1
6857,2229.8
6858,6871.0
6859,2043.9
6860,3610.2
6861,4455.8
6862,3476.5
6863,2510.9
6864,2766.8
6865,3395.2
6866,5580.3
6867,2753.8
6868,2195.6
6869,6155.1
6870,3452.2
6871,4606.8
6872,6030.0
6873,3454.3
6874,4228.2
6875,5591.2
6876,6165.5
6877,4179.2
6878,4797.1
6879,2388.2
6880,1404.2
6881,3140.0
6882,3326.1
6883,4405.5
6884,3577.0
6885,2492.6
6886,3610.9
6887,3374.2
6888,4141.4
6889,2178.2
6890,2612.0
6891,5131.3
6892,2302.6
6893,3384.7
6894,2924.5
6895,3238.1
6896,3027.5
6897,2187.0
6898,2778.8
6899,3027.5
6900,3324.3
6901,3207.3
6902,2621.6
6903,2229.7
6904,1822.5
6905,6145.2
6906,2091.0
6907,2939.3
6908,5779.1
6909,3315.0
6910,3407.0
6911,2782.0
6912,2128.3
6913,2792.0
6914,2470.9
6915,2872.8
6916,2096.9
6917,5395.7
6918,3331.1
6919,5381.6
6920,2335.5
6921,2732.7
6922,4117.1
6923,2429.1
6924,2057.7
6925,2329.9
6926,3409.0
6927,2597.7
6928,6444.4
6929,1493.5
6930,4335.2
6931,1940.0
6932,3611.1
6933,2327.7
6934,5198.3
6935,3024.2
6936,1594.6
6937,2721.0
6938,4065.3
6939,1677.3
6940,2583.1
6941,5209.2
6942,3823.0
6943,2591.3
6944,5539.2
6945,3529.5
6946,7091.2
6947,2235.1
6948,4129.4
6949,3224.7
6950,1870.6
6951,6239.5
6952,2764.1
6953,1896.3
6954,5479.9
6955,2324.9
6956,5259.0
6957,3056.2
6958,4466.1
6959,2460.1
6960,5259.6
6961,3605.2
6962,1890.7
6963,3800.4
6964,5273.2
6965,2373.5
6966,3105.8
6967,3347.9
6968,2624.3
6969,5753.5
6970,2733.4
6971,5886.1
6972,8523.9
6973,5936.4
6974,4231.7
6975,3362.3
6976,3028.9
6977,3154.9
6978,4056.1
6979,1678.9
6980,5358.1
6981,7551.8
6982,2411.5
6983,3499.4
6984,2771.1
6985,2231.3
6986,2157.5
6987,2014.9
6988,2878.4
6989,2295.4
6990,2388.8
6991,2513.1
6992,6209.4
6993,3413.3
6994,3040.3
6995,4796.1
6996,2939.8
6997,4593.4
6998,3606.5
6999,2830.5
7000,2668.6
7001,4842.6
7002,2367.2
7003,4211.2
7004,3146.1
7005,3345.0
7006,2244.2
7007,5764.6
7008,3339.5
7009,3384.2
7010,3394.3
7011,2992.4
7012,2551.8
7013,6248.6
7014,3556.7
7015,5974.8
7016,4621.1
7017,2412.7
7018,1695.1
7019,4221.6
7020,1640.7
7021,2389.1
7022,4218.2
7023,3081.3
7024,5834.2
7025,3127.6
7026,5503.6
7027,2187.2
7028,4477.6
7029,2938.5
7030,3539.6
7031,5463.9
7032,2592.0
7033,2556.8
7034,3578.3
7035,2176.9
7036,2826.0
7037,3273.2
7038,2838.7
7039,3277.5
7040,3497.3
7041,5300.6
7042,3410.2
7043,3131.1
7044,3205.6
7045,2688.3
7046,3287.0
7047,5468.4
7048,4091.7
7049,3974.8
7050,5355.8
7051,2321.4
7052,1549.0
7053,3108.8
7054,3416.1
7055,1702.4
7056,3915.7
7057,3345.4
7058,3084.3
7059,4119.0
7060,3703.0
7061,3136.0
7062,3449.4
7063,3422.2
7064,3266.9
7065,2513.2
7066,1994.4
7067,2323.3
7068,3220.8
7069,3399.3
7070,3013.4
7071,2652.4
7072,3433.5
7073,2484.3
7074,3116.1
7075,3552.7
7076,2111.0
7077,3176.8
7078,3861.3
7079,2311.1
7080,5560.9
7081,2798.9
7082,2850.4
7083,3069.9
7084,3576.7
7085,3972.0
7086,2597.0
7087,1988.3
7088,4658.3
7089,3552.8
7090,5651.0
7091,2503.8
7092,3674.7
7093,3115.0
7094,6798.1
7095,3551.0
7096,2910.7
7097,5604.3
7098,8422.3
7099,2503.0
7100,3111.2
7101,3470.7
7102,3659.8
7103,3618.0
7104,2528.9
7105,4966.9
7106,5856.2
7107,4459.5
7108,3082.8
7109,1689.6
7110,2212.7
7111,5361.5
7112,2441.4
7113,2829.9
7114,4043.6
7115,5518.4
7116,3336.7
7117,3171.4
7118,5488.1
7119,4835.1
7120,3916.5
7121,1862.4
7122,2902.3
7123,1822.9
7124,2359.8
7125,2544.1
7126,3328.4
7127,2426.8
7128,2833.7
7129,3808.9
7130,5691.1
7131,5415.4
7132,3024.0
7133,2525.9
7134,4190.8
7135,2714.0
7136,2435.5
7137,2535.5
7138,2950.7
7139,3064.3
7140,2697.4
7141,2428.3
7142,1849.7
7143,2386.6
7144,3796.4
7145,2442.4
7146,3627.3
7147,2588.4
7148,2933.3
7149,3039.5
7150,3729.7
7151,3862.6
7152,2057.5
7153,4800.2
7154,6134.3
7155,3391.5
7156,2918.8
7157,2127.5
7158,2365.3
7159,2315.7
7160,12503.1
7161,2108.4
7162,1903.7
7163,3891.4
7164,3637.5
7165,2469.8
7166,2558.2
7167,4272.5
7168,3024.1
7169,2406.5
7170,4051.4
7171,2389.5
7172,4827.9
7173,2134.3
7174,1757.5
7175,3479.8
7176,4474.9
7177,1881.9
7178,4013.5
7179,2335.3
7180,2301.6
7181,4442.5
7182,2530.2
7183,2534.4
7184,2563.4
7185,3285.2
7186,6299.5
7187,2997.9
7188,3999.5
7189,2989.9
7190,4893.3
7191,1441.5
7192,1789.6
7193,6359.3
7194,2388.2
7195,4083.1
7196,2894.0
7197,5118.9
7198,3177.0
7199,3784.4
7200,1804.1
7201,5237.9
7202,3872.1
7203,3406.7
7204,6215.9
7205,5451.0
7206,3527.3
7207,3464.7
7208,4471.7
7209,4231.7
7210,2304.8
7211,4551.6
7212,3831.2
7213,1656.7
7214,3731.3
7215,3019.3
7216,1554.9
7217,2951.5
7218,2257.7
7219,2866.7
7220,2905.8
7221,2715.6
7222,4496.5
7223,2523.0
7224,2362.9
7225,1968.4
7226,3777.3
7227,2537.7
7228,3444.1
7229,2877.1
7230,2820.1
7231,2529.0
7232,2309.4
7233,2966.4
7234,5505.7
7235,4642.2
7236,4765.3
7237,2397.2
7238,1651.9
7239,4809.3
7240,3895.2
7241,5457.8
7242,3260.9
7243,3375.4
7244,5685.1
7245,3282.1
7246,2832.5
7247,11036.2
7248,5498.6
7249,1786.5
7250,1612.3
7251,3002.3
7252,3250.3
7253,2834.7
7254,3134.9
7255,2684.9
7256,2046.2
7257,3547.2
7258,2301.8
7259,3556.1
7260,2296.7
7261,2674.9
7262,2238.6
7263,2776.3
7264,3307.6
7265,3375.7
7266,2792.3
7267,1721.6
7268,2320.4
7269,3348.8
7270,3481.4
7271,2990.8
7272,1770.2
7273,3339.2
7274,3717.9
7275,3908.9
7276,2958.1
7277,4854.8
7278,3305.3
7279,2074.2
7280,3719.8
7281,1925.2
7282,4583.6
7283,3449.8
7284,5083.4
7285,2504.1
7286,5533.9
7287,5480.5
7288,3831.2
7289,5262.4
7290,3452.6
7291,3246.7
7292,3263.7
7293,2663.4
7294,4162.3
7295,4876.1
7296,2901.5
7297,2878.3
7298,4464.4
7299,3422.7
7300,6282.6
7301,3405.9
7302,3082.8
7303,3466.1
7304,3889.7
7305,2341.9
7306,4544.9
7307,2078.1
7308,2774.1
7309,4979.8
7310,2331.9
7311,3312.6
7312,3938.9
7313,3556.3
7314,2089.1
7315,4458.1
7316,2748.9
7317,3130.0
7318,3267.4
7319,2793.0
7320,2629.4
7321,2797.5
7322,4502.6
7323,4031.9
7324,3745.2
7325,2984.5
7326,2829.8
7327,3261.5
7328,3457.3
7329,2105.6
7330,5072.6
7331,6855.7
7332,2831.2
7333,2491.8
7334,1632.8
7335,2441.5
7336,2093.7
7337,2687.4
7338,2863.6
7339,5120.0
7340,1670.1
7341,2576.2
7342,3803.6
7343,4514.8
7344,2904.1
7345,2061.5
7346,4277.7
7347,2979.9
7348,3364.6
7349,1866.5
7350,2892.7
7351,5088.4
7352,3546.0
7353,2272.0
7354,2942.3
7355,5512.2
7356,2104.8
7357,4351.9
7358,3069.0
7359,2625.3
7360,2458.3
7361,3341.7
7362,3322.3
7363,3320.8
7364,5859.8
7365,5416.2
7366,2046.4
7367,3297.6
7368,4075.9
7369,1528.3
7370,3482.4
7371,6372.3
7372,2406.8
7373,2371.3
7374,3147.9
7375,6120.9
7376,2847.3
7377,1325.6
7378,3599.7
7379,2519.3
7380,3034.2
7381,3125.9
7382,3182.5
7383,3936.5
7384,1570.2
7385,3965.7
7386,6487.2
7387,2590.3
7388,6294.9
7389,2619.2
7390,2201.9
7391,2715.8
7392,2568.5
7393,1995.7
7394,5439.2
7395,5844.6
7396,2187.0
7397,2255.7
7398,5465.3
7399,4983.5
7400,4372.7
7401,2392.1
7402,8878.7
7403,2456.8
7404,3426.0
7405,5502.3
7406,12578.4
7407,1906.6
7408,3011.5
7409,2839.6
7410,4260.4
7411,3325.5
7412,3307.2
7413,6199.4
7414,2389.4
7415,2374.5
7416,4087.7
7417,4512.7
7418,2733.5
7419,2241.2
7420,2386.7
7421,5031.7
7422,2361.1
7423,3605.1
7424,2832.8
7425,7162.6
7426,3125.5
7427,2334.0
7428,1576.9
7429,2904.2
7430,5659.2
7431,4967.6
7432,2795.0
7433,6004.7
7434,3037.3
7435,3356.6
7436,2593.6
7437,3707.4
7438,2046.6
7439,2874.5
7440,4931.8
7441,7268.4
7442,4828.9
7443,2649.9
7444,2783.0
7445,3412.2
7446,3169.2
7447,2254.0
7448,2694.7
7449,2308.5
7450,3235.9
7451,2326.0
7452,5381.0
7453,4752.5
7454,4837.7
7455,3009.1
7456,2621.1
7457,3570.9
7458,3159.5
7459,2414.2
7460,3815.4
7461,3925.3
7462,4661.2
7463,3722.9
7464,2805.1
7465,2568.5
7466,2083.8
7467,2223.1
7468,3052.2
7469,2443.1
7470,12653.2
7471,3057.9
7472,1682.1
7473,2782.9
7474,4270.9
7475,3622.3
7476,2915.4
7477,3341.5
7478,4442.1
7479,2831.0
7480,1953.7
7481,2404.8
7482,5571.6
7483,3707.3
7484,3217.0
7485,3724.9
7486,2969.3
7487,2737.9
7488,2795.5
7489,3250.5
7490,2601.3
7491,3213.8
7492,4366.8
7493,3011.3
7494,3649.2
7495,5614.0
7496,7215.6
7497,3046.6
7498,3284.0
7499,3061.1
7500,3976.6
7501,2515.7
7502,3859.8
7503,2972.7
7504,3655.4
7505,3255.8
7506,2970.2
7507,5047.2
7508,4050.0
7509,4990.6
7510,4679.0
7511,5076.7
7512,3107.7
7513,3087.7
7514,2974.4
7515,1482.5
7516,2605.6
7517,3220.6
7518,6455.0
7519,3795.0
7520,2377.2
7521,3035.4
7522,3024.7
7523,4882.7
7524,4316.8
7525,3680.6
7526,6390.2
7527,1662.8
7528,3381.1
7529,3382.6
7530,2533.0
7531,4190.2
7532,5963.8
7533,2741.5
7534,3778.9
7535,2525.1
7536,3045.3
7537,5385.1
7538,1564.6
7539,5693.1
7540,6096.3
7541,2849.6
7542,4445.4
7543,3205.1
7544,4784.3
7545,1946.9
7546,3970.8
7547,1515.2
7548,4238.8
7549,2121.3
7550,3100.4
7551,5328.7
7552,2341.6
7553,2495.9
7554,3771.6
7555,3981.5
7556,3328.6
7557,2860.0
7558,2095.9
7559,3400.1
7560,2641.8
7561,2590.3
7562,5438.9
7563,3304.0
7564,4144.0
7565,2323.8
7566,5875.7
7567,3017.1
7568,2036.0
7569,5999.2
7570,3633.1
7571,5113.5
7572,3155.9
7573,6335.1
7574,3697.6
7575,4797.7
7576,1268.7
7577,3495.9
7578,2172.8
7579,5004.3
7580,5521.4
7581,2122.3
7582,2590.3
7583,2198.5
7584,2419.7
7585,2362.6
7586,2945.9
7587,3779.9
7588,6013.4
7589,2696.5
7590,3222.9
7591,2081.8
7592,3378.4
7593,5154.8
7594,4685.0
7595,2327.6
7596,2566.1
7597,4229.2
7598,3704.9
7599,2478.3
7600,3490.4
7601,2669.1
7602,2511.1
7603,3134.9
7604,7436.9
7605,4771.1
7606,4798.7
7607,5975.8
7608,6584.2
7609,6058.4
7610,2014.2
7611,2731.5
7612,6052.7
7613,2949.6
7614,3146.1
7615,1728.4
7616,1561.0
7617,3846.6
7618,3725.3
7619,3726.0
7620,3293.6
7621,2227.0
7622,2507.2
7623,3529.9
7624,3685.8
7625,5372.9
7626,2922.4
7627,3207.0
7628,2888.9
7629,1760.9
7630,3010.4
7631,3981.9
7632,1721.3
7633,2477.9
7634,1831.1
7635,1365.0
7636,5330.1
7637,5286.7
7638,3601.3
7639,2792.4
7640,2094.3
7641,2963.4
7642,2554.7
